date,Carry (gross),Carry (net),Crowd-filtered (gross),Crowd-filtered (net),crowding,scale
1999-05-31,0.021260315201920288,0.020960315201920286,0.021260315201920288,0.020960315201920286,-0.17264913022381878,1.0
1999-06-30,0.005370088280677698,0.0050700882806776985,0.005370088280677698,0.0050700882806776985,,1.0
1999-07-31,-0.011415161933851448,-0.011715161933851448,-0.011415161933851448,-0.011715161933851448,-1.3715544931307009,1.0
1999-08-31,7.277171269426397e-05,-0.000227228287305736,7.277171269426397e-05,-0.000227228287305736,-0.634588725438535,1.0
1999-09-30,0.01700593246336468,0.01670593246336468,0.01700593246336468,0.01670593246336468,0.2745186024157727,1.0
1999-10-31,0.0033036657452574225,0.0030036657452574226,0.0033036657452574225,0.0030036657452574226,-0.3356565203837203,1.0
1999-11-30,0.02865071358104837,0.02865071358104837,0.02865071358104837,0.02865071358104837,0.841001437675447,1.0
1999-12-31,0.025756242681338193,0.025756242681338193,0.025756242681338193,0.025756242681338193,,1.0
2000-01-31,0.009485641297081238,0.009185641297081238,0.009485641297081238,0.009185641297081238,,1.0
2000-02-29,-0.007634213505792353,-0.007634213505792353,-0.007634213505792353,-0.007634213505792353,,1.0
2000-03-31,0.019532391477159794,0.019532391477159794,0.019532391477159794,0.019532391477159794,,1.0
2000-04-30,0.023978129804975656,0.023978129804975656,0.023978129804975656,0.023978129804975656,,1.0
2000-05-31,-0.06999050312085675,-0.06999050312085675,-0.06999050312085675,-0.06999050312085675,,1.0
2000-06-30,0.009453267744593874,0.009153267744593874,0.009453267744593874,0.009153267744593874,,1.0
2000-07-31,-0.0034740945684249014,-0.0034740945684249014,-0.0034740945684249014,-0.0034740945684249014,,1.0
2000-08-31,0.012218361862690152,0.012218361862690152,0.012218361862690152,0.012218361862690152,,1.0
2000-09-30,-0.053359599435680916,-0.053359599435680916,-0.053359599435680916,-0.053359599435680916,,1.0
2000-10-31,0.006264201411461945,0.006264201411461945,0.006264201411461945,0.006264201411461945,,1.0
2000-11-30,-0.0037031886595083607,-0.0037031886595083607,-0.0037031886595083607,-0.0037031886595083607,,1.0
2000-12-31,-0.005050791468906857,-0.005050791468906857,-0.005050791468906857,-0.005050791468906857,,1.0
2001-01-31,0.006045807641293088,0.006045807641293088,0.006045807641293088,0.006045807641293088,,1.0
2001-02-28,-0.018798851518383286,-0.018798851518383286,-0.018798851518383286,-0.018798851518383286,,1.0
2001-03-31,0.0025223061536834845,0.0022223061536834846,0.0025223061536834845,0.0022223061536834846,,1.0
2001-04-30,0.0032998991270687394,0.0029998991270687395,0.0032998991270687394,0.0029998991270687395,,1.0
2001-05-31,0.012198314133643973,0.012198314133643973,0.012198314133643973,0.012198314133643973,,1.0
2001-06-30,-0.015895945653031984,-0.015895945653031984,-0.015895945653031984,-0.015895945653031984,,1.0
2001-07-31,0.0013458965333046913,0.0013458965333046913,0.0013458965333046913,0.0013458965333046913,,1.0
2001-08-31,0.029696526245648724,0.029696526245648724,0.029696526245648724,0.029696526245648724,,1.0
2001-09-30,-0.03318094990524073,-0.03318094990524073,-0.03318094990524073,-0.03318094990524073,,1.0
2001-10-31,0.011868970464022188,0.011868970464022188,0.011868970464022188,0.011868970464022188,,1.0
2001-11-30,-0.0072392473343173,-0.0072392473343173,-0.0072392473343173,-0.0072392473343173,,1.0
2001-12-31,0.005938654464835935,0.005638654464835935,0.005938654464835935,0.005638654464835935,,1.0
2002-01-31,0.015476585575745883,0.015476585575745883,0.015476585575745883,0.015476585575745883,,1.0
2002-02-28,0.016603664545670582,0.016603664545670582,0.016603664545670582,0.016603664545670582,,1.0
2002-03-31,0.032401125585607704,0.032401125585607704,0.032401125585607704,0.032401125585607704,,1.0
2002-04-30,-0.013683454034743359,-0.013683454034743359,-0.013683454034743359,-0.013683454034743359,,1.0
2002-05-31,0.032173615926088694,0.03187361592608869,0.032173615926088694,0.03187361592608869,,1.0
2002-06-30,-0.035354943009939244,-0.035354943009939244,-0.035354943009939244,-0.035354943009939244,,1.0
2002-07-31,-0.033610343753739946,-0.033610343753739946,-0.033610343753739946,-0.033610343753739946,,1.0
2002-08-31,0.009635984933964281,0.009635984933964281,0.009635984933964281,0.009635984933964281,,1.0
2002-09-30,0.004013966848110118,0.004013966848110118,0.004013966848110118,0.004013966848110118,,1.0
2002-10-31,0.03792890772052243,0.03792890772052243,0.03792890772052243,0.03792890772052243,,1.0
2002-11-30,0.023430098180104997,0.023430098180104997,0.023430098180104997,0.023430098180104997,,1.0
2002-12-31,-0.021378831316748448,-0.021378831316748448,-0.021378831316748448,-0.021378831316748448,,1.0
2003-01-31,0.044021772670881865,0.044021772670881865,0.044021772670881865,0.044021772670881865,,1.0
2003-02-28,0.02352780963671064,0.02352780963671064,0.02352780963671064,0.02352780963671064,,1.0
2003-03-31,-0.003435063842016639,-0.003435063842016639,-0.003435063842016639,-0.003435063842016639,,1.0
2003-04-30,0.03237631329726259,0.03237631329726259,0.03237631329726259,0.03237631329726259,,1.0
2003-05-31,0.020378301440096946,0.020378301440096946,0.020378301440096946,0.020378301440096946,,1.0
2003-06-30,0.04880788528061669,0.04880788528061669,0.04880788528061669,0.04880788528061669,,1.0
2003-07-31,-0.010257066785768543,-0.010257066785768543,-0.010257066785768543,-0.010257066785768543,,1.0
2003-08-31,-0.0014064808543282625,-0.0014064808543282625,-0.0014064808543282625,-0.0014064808543282625,,1.0
2003-09-30,-0.011763022276538693,-0.011763022276538693,-0.011763022276538693,-0.011763022276538693,,1.0
2003-10-31,0.03941780586400684,0.03941780586400684,0.03941780586400684,0.03941780586400684,,1.0
2003-11-30,0.01755446047948306,0.01755446047948306,0.01755446047948306,0.01755446047948306,,1.0
2003-12-31,0.00389803883760631,0.00389803883760631,0.00389803883760631,0.00389803883760631,,1.0
2004-01-31,0.025109474667523612,0.025109474667523612,0.025109474667523612,0.025109474667523612,,1.0
2004-02-29,0.04060503872488058,0.04060503872488058,0.04060503872488058,0.04060503872488058,,1.0
2004-03-31,-0.0410731124309357,-0.0410731124309357,-0.0410731124309357,-0.0410731124309357,,1.0
2004-04-30,-0.013472142405425158,-0.013472142405425158,-0.013472142405425158,-0.013472142405425158,,1.0
2004-05-31,-0.015886890867197134,-0.015886890867197134,-0.015886890867197134,-0.015886890867197134,,1.0
2004-06-30,-0.009432167337293962,-0.009432167337293962,-0.009432167337293962,-0.009432167337293962,,1.0
2004-07-31,0.03324585179316186,0.03324585179316186,0.03324585179316186,0.03324585179316186,,1.0
2004-08-31,0.006260081864378875,0.006260081864378875,0.006260081864378875,0.006260081864378875,,1.0
2004-09-30,0.030258087872512607,0.030258087872512607,0.030258087872512607,0.030258087872512607,,1.0
2004-10-31,-0.013616876461118754,-0.013616876461118754,-0.013616876461118754,-0.013616876461118754,,1.0
2004-11-30,0.005260954208792246,0.005260954208792246,0.005260954208792246,0.005260954208792246,,1.0
2004-12-31,0.012163377399059816,0.012163377399059816,0.012163377399059816,0.012163377399059816,,1.0
2005-01-31,0.019212986405536203,0.019212986405536203,0.019212986405536203,0.019212986405536203,,1.0
2005-02-28,0.019670020734699645,0.019670020734699645,0.019670020734699645,0.019670020734699645,,1.0
2005-03-31,0.00955385342562759,0.00955385342562759,0.00955385342562759,0.00955385342562759,,1.0
2005-04-30,0.01270427538470753,0.01270427538470753,0.01270427538470753,0.01270427538470753,,1.0
2005-05-31,0.007751255702186155,0.007751255702186155,0.007751255702186155,0.007751255702186155,,1.0
2005-06-30,0.027308044951520005,0.027308044951520005,0.027308044951520005,0.027308044951520005,,1.0
2005-07-31,0.001994234335839673,0.001994234335839673,0.001994234335839673,0.001994234335839673,,1.0
2005-08-31,-0.012392509952573794,-0.012392509952573794,-0.012392509952573794,-0.012392509952573794,,1.0
2005-09-30,0.03817616704257504,0.03817616704257504,0.03817616704257504,0.03817616704257504,,1.0
2005-10-31,0.012556471234317412,0.012556471234317412,0.012556471234317412,0.012556471234317412,,1.0
2005-11-30,0.024215952952710507,0.024215952952710507,0.024215952952710507,0.024215952952710507,,1.0
2005-12-31,-0.019025545375727815,-0.019025545375727815,-0.019025545375727815,-0.019025545375727815,,1.0
2006-01-31,0.0032001297347099555,0.0032001297347099555,0.0032001297347099555,0.0032001297347099555,,1.0
2006-02-28,-0.01278053851231642,-0.01278053851231642,-0.01278053851231642,-0.01278053851231642,,1.0
2006-03-31,-0.04478689327047408,-0.04478689327047408,-0.04478689327047408,-0.04478689327047408,,1.0
2006-04-30,0.010625388912307354,0.010625388912307354,0.010625388912307354,0.010625388912307354,,1.0
2006-05-31,-0.0173069984108567,-0.0173069984108567,-0.0173069984108567,-0.0173069984108567,,1.0
2006-06-30,-0.008707570760145333,-0.008707570760145333,-0.008707570760145333,-0.008707570760145333,,1.0
2006-07-31,0.028432935998530806,0.028432935998530806,0.028432935998530806,0.028432935998530806,,1.0
2006-08-31,0.04705904703959379,0.04705904703959379,0.04705904703959379,0.04705904703959379,1.818497799965788,0.5
2006-09-30,0.0020399297408510986,0.0020399297408510986,0.0010199648704255493,0.0007199648704255494,2.7498608963456665,0.5
2006-10-31,0.02927187397121389,0.02927187397121389,0.014635936985606945,0.014635936985606945,3.383723032628505,0.5
2006-11-30,0.0008912309433571908,0.0008912309433571908,0.0004456154716785954,0.0004456154716785954,2.5227572673012006,0.5
2006-12-31,0.04248343834507162,0.04248343834507162,0.02124171917253581,0.02124171917253581,2.4618895658245954,0.5
2007-01-31,0.0013948687352449696,0.0013948687352449696,0.0006974343676224848,0.0006974343676224848,2.3075052318032814,0.5
2007-02-28,0.003211656442738353,0.003211656442738353,0.0016058282213691766,0.0016058282213691766,2.257673819282261,0.5
2007-03-31,0.022830178143807833,0.022830178143807833,0.011415089071903917,0.011415089071903917,1.7584774976592712,0.5
2007-04-30,0.04263095221704921,0.04263095221704921,0.021315476108524606,0.021315476108524606,1.6810178849697524,0.5
2007-05-31,0.014718451445788039,0.014718451445788039,0.0073592257228940194,0.0073592257228940194,2.013577313910371,0.5
2007-06-30,0.04915221492848254,0.04915221492848254,0.02457610746424127,0.02457610746424127,2.0926943475264457,0.5
2007-07-31,-0.01707810736401083,-0.01707810736401083,-0.008539053682005415,-0.008539053682005415,1.1165834184867331,0.5
2007-08-31,-0.0779695161959646,-0.0779695161959646,-0.0389847580979823,-0.0389847580979823,-2.260624369922892,1.0
2007-09-30,0.06609219224373131,0.06609219224373131,0.06609219224373131,0.06579219224373131,-0.5283025926839697,1.0
2007-10-31,0.03482767495765826,0.03482767495765826,0.03482767495765826,0.03482767495765826,-0.30015255581658506,1.0
2007-11-30,-0.05182647588575656,-0.05182647588575656,-0.05182647588575656,-0.05182647588575656,-2.360387715283471,1.0
2007-12-31,0.006612310854058279,0.006612310854058279,0.006612310854058279,0.006612310854058279,-1.0900975480078006,1.0
2008-01-31,-0.015725051977173332,-0.015725051977173332,-0.015725051977173332,-0.015725051977173332,-2.835413622507814,1.0
2008-02-29,0.005083664418112144,0.005083664418112144,0.005083664418112144,0.005083664418112144,-1.449348253620574,1.0
2008-03-31,-0.06544744208810932,-0.06544744208810932,-0.06544744208810932,-0.06544744208810932,-0.8262175560116682,1.0
2008-04-30,0.03167538709448048,0.03137538709448048,0.03167538709448048,0.03137538709448048,-1.4746084967666722,1.0
2008-05-31,0.01916689053512266,0.01886689053512266,0.01916689053512266,0.01886689053512266,-1.5397563048788299,1.0
2008-06-30,-0.016128508991124668,-0.016128508991124668,-0.016128508991124668,-0.016128508991124668,-1.1164667060122733,1.0
2008-07-31,0.0027170377054177575,0.0027170377054177575,0.0027170377054177575,0.0027170377054177575,-1.3239712931616545,1.0
2008-08-31,-0.037190492065539094,-0.037190492065539094,-0.037190492065539094,-0.037190492065539094,-2.0018285000261624,1.0
2008-09-30,-0.0605677734374222,-0.0605677734374222,-0.0605677734374222,-0.0605677734374222,-2.8387345097475,1.0
2008-10-31,-0.12006566740842367,-0.12036566740842367,-0.12006566740842367,-0.12036566740842367,-2.1426118665227882,1.0
2008-11-30,-0.04233124211570044,-0.042931242115700444,-0.04233124211570044,-0.042931242115700444,-2.2041823278390122,1.0
2008-12-31,-0.029448229835179807,-0.02974822983517981,-0.029448229835179807,-0.02974822983517981,-2.542749035562129,1.0
2009-01-31,-0.06771845780746288,-0.06771845780746288,-0.06771845780746288,-0.06771845780746288,-2.4914365157301246,1.0
2009-02-28,0.04383923840947174,0.04383923840947174,0.04383923840947174,0.04383923840947174,-2.2240110822087784,1.0
2009-03-31,0.10286039005496683,0.10286039005496683,0.10286039005496683,0.10286039005496683,-0.617187231274804,1.0
2009-04-30,0.0034556505076427935,0.0031556505076427935,0.0034556505076427935,0.0031556505076427935,0.39262285512956124,1.0
2009-05-31,0.03012026041268312,0.03012026041268312,0.03012026041268312,0.03012026041268312,-0.7292912045361889,1.0
2009-06-30,0.04914135025677735,0.04914135025677735,0.04914135025677735,0.04914135025677735,-0.7450518544358531,1.0
2009-07-31,-0.015683397847173097,-0.015683397847173097,-0.015683397847173097,-0.015683397847173097,-0.8480654150475129,1.0
2009-08-31,0.030741817331407073,0.030741817331407073,0.030741817331407073,0.030741817331407073,-0.8888968585964767,1.0
2009-09-30,0.03190885934421284,0.03190885934421284,0.03190885934421284,0.03190885934421284,-0.7945055293823023,1.0
2009-10-31,0.009926568134117464,0.009926568134117464,0.009926568134117464,0.009926568134117464,-0.7282440612726557,1.0
2009-11-30,-0.015710838703731966,-0.015710838703731966,-0.015710838703731966,-0.015710838703731966,-0.8727347623604456,1.0
2009-12-31,0.010622516103061308,0.010622516103061308,0.010622516103061308,0.010622516103061308,-0.0340203251130039,1.0
2010-01-31,0.0007807604014041791,0.0007807604014041791,0.0007807604014041791,0.0007807604014041791,-0.49909181422281695,1.0
2010-02-28,0.005419001412196811,0.005419001412196811,0.005419001412196811,0.005419001412196811,-0.00928424878443581,1.0
2010-03-31,-0.005191783279652196,-0.005191783279652196,-0.005191783279652196,-0.005191783279652196,-0.29345497075496274,1.0
2010-04-30,0.03487505499944027,0.03487505499944027,0.03487505499944027,0.03487505499944027,0.6080125332752992,1.0
2010-05-31,-0.025257464268508723,-0.025257464268508723,-0.025257464268508723,-0.025257464268508723,0.6695267364203189,1.0
2010-06-30,-0.03843230325301894,-0.03873230325301894,-0.03843230325301894,-0.03873230325301894,0.0035240463373494846,1.0
2010-07-31,0.033656879586340005,0.033656879586340005,0.033656879586340005,0.033656879586340005,0.1417912969593813,1.0
2010-08-31,-0.04972146629403151,-0.04972146629403151,-0.04972146629403151,-0.04972146629403151,-0.5605137050219298,1.0
2010-09-30,0.047309378681956615,0.047309378681956615,0.047309378681956615,0.047309378681956615,0.16257856561212508,1.0
2010-10-31,0.014745196952586082,0.014745196952586082,0.014745196952586082,0.014745196952586082,-0.26270961007306476,1.0
2010-11-30,0.006660317058968357,0.006660317058968357,0.006660317058968357,0.006660317058968357,-0.193599450142526,1.0
2010-12-31,0.0019483868557987893,0.0019483868557987893,0.0019483868557987893,0.0019483868557987893,-0.42303792658938766,1.0
2011-01-31,0.002667050076644084,0.002667050076644084,0.002667050076644084,0.002667050076644084,-0.4162359791489906,1.0
2011-02-28,-0.006047165005015509,-0.006047165005015509,-0.006047165005015509,-0.006047165005015509,0.858060011151083,1.0
2011-03-31,0.01690380045324491,0.01690380045324491,0.01690380045324491,0.01690380045324491,-1.2473108048690005,1.0
2011-04-30,0.02192092156895853,0.02192092156895853,0.02192092156895853,0.02192092156895853,1.3780510953039784,0.5
2011-05-31,-0.008035971666013497,-0.008035971666013497,-0.004017985833006749,-0.0043179858330067485,0.32544517357181696,1.0
2011-06-30,-0.0010659937255137475,-0.0010659937255137475,-0.0010659937255137475,-0.0013659937255137474,0.12328754909988382,1.0
2011-07-31,-0.010826680642738062,-0.010826680642738062,-0.010826680642738062,-0.010826680642738062,0.41365540597870576,1.0
2011-08-31,-0.018155152512844164,-0.018155152512844164,-0.018155152512844164,-0.018155152512844164,-0.1865090311499769,1.0
2011-09-30,-0.03384555098672798,-0.03384555098672798,-0.03384555098672798,-0.03384555098672798,-1.0673459944013575,1.0
2011-10-31,0.06309277826185039,0.06309277826185039,0.06309277826185039,0.06309277826185039,-0.5653619026037292,1.0
2011-11-30,-0.016510750568009713,-0.016510750568009713,-0.016510750568009713,-0.016510750568009713,-0.4675529105299752,1.0
2011-12-31,0.015997855189325172,0.015997855189325172,0.015997855189325172,0.015997855189325172,0.09682959241621136,1.0
2012-01-31,0.03558673409655333,0.03558673409655333,0.03558673409655333,0.03558673409655333,0.9823760584482043,1.0
2012-02-29,0.03891510419801608,0.03891510419801608,0.03891510419801608,0.03891510419801608,1.812749466039933,0.5
2012-03-31,-0.01991105237390406,-0.01991105237390406,-0.00995552618695203,-0.01025552618695203,1.5119132443242491,0.5
2012-04-30,-0.009939039332583666,-0.009939039332583666,-0.004969519666291833,-0.004969519666291833,1.7526120516747938,0.5
2012-05-31,-0.04778542471584585,-0.04778542471584585,-0.023892712357922924,-0.023892712357922924,-1.34140628241718,1.0
2012-06-30,0.06037575552391544,0.06037575552391544,0.06037575552391544,0.06007575552391544,-1.0193429203156361,1.0
2012-07-31,0.024719725395943914,0.024719725395943914,0.024719725395943914,0.024719725395943914,-0.11119318953651325,1.0
2012-08-31,-0.020814377097622017,-0.020814377097622017,-0.020814377097622017,-0.020814377097622017,0.5046160094738597,1.0
2012-09-30,0.010935585174449258,0.010935585174449258,0.010935585174449258,0.010935585174449258,0.9805204908102694,1.0
2012-10-31,-0.011512100132003766,-0.011812100132003766,-0.011512100132003766,-0.011812100132003766,0.06659024092472826,1.0
2012-11-30,-0.0004877654532417508,-0.0004877654532417508,-0.0004877654532417508,-0.0004877654532417508,0.8169520553856681,1.0
2012-12-31,-0.007983836756218055,-0.007983836756218055,-0.007983836756218055,-0.007983836756218055,-0.7489404927751,1.0
2013-01-31,-0.006348699817857573,-0.006348699817857573,-0.006348699817857573,-0.006348699817857573,-0.12351647287617051,1.0
2013-02-28,0.018073445311797165,0.018073445311797165,0.018073445311797165,0.018073445311797165,-0.2313292575504201,1.0
2013-03-31,0.03313391062850812,0.03313391062850812,0.03313391062850812,0.03313391062850812,0.8545858925518819,1.0
2013-04-30,-0.010344633727677022,-0.010344633727677022,-0.010344633727677022,-0.010344633727677022,-0.14111867424500746,1.0
2013-05-31,-0.048366044663990915,-0.048366044663990915,-0.048366044663990915,-0.048366044663990915,-0.26018789173257606,1.0
2013-06-30,-0.04247720766847063,-0.04247720766847063,-0.04247720766847063,-0.04247720766847063,-3.240192544706221,1.0
2013-07-31,-0.01590002730314105,-0.01590002730314105,-0.01590002730314105,-0.01590002730314105,-2.2383620593024594,1.0
2013-08-31,-0.010148517248532496,-0.010148517248532496,-0.010148517248532496,-0.010148517248532496,-2.622707401010239,1.0
2013-09-30,0.03756286648982121,0.03756286648982121,0.03756286648982121,0.03756286648982121,-1.979310175948363,1.0
2013-10-31,0.004905268628772552,0.004905268628772552,0.004905268628772552,0.004905268628772552,-0.3638174563668528,1.0
2013-11-30,-0.002745542863447803,-0.003045542863447803,-0.002745542863447803,-0.003045542863447803,-0.2514208839622032,1.0
2013-12-31,0.0010332006676167516,0.0010332006676167516,0.0010332006676167516,0.0010332006676167516,-0.8901489874033954,1.0
2014-01-31,-0.023127641210865024,-0.023127641210865024,-0.023127641210865024,-0.023127641210865024,-0.4522003153729831,1.0
2014-02-28,0.016979819333096446,0.016979819333096446,0.016979819333096446,0.016979819333096446,-0.24950434421562562,1.0
2014-03-31,0.0450637343345589,0.0450637343345589,0.0450637343345589,0.0450637343345589,-0.5299873567043165,1.0
2014-04-30,-0.008264009623243418,-0.008264009623243418,-0.008264009623243418,-0.008264009623243418,0.1615013034461863,1.0
2014-05-31,0.002494543285499584,0.002494543285499584,0.002494543285499584,0.002494543285499584,0.7571885475326926,1.0
2014-06-30,0.0186581882946244,0.0186581882946244,0.0186581882946244,0.0186581882946244,0.5204663414960403,1.0
2014-07-31,-0.00021633066634157982,-0.00021633066634157982,-0.00021633066634157982,-0.00021633066634157982,0.9889380720293615,1.0
2014-08-31,0.01134446302942882,0.01104446302942882,0.01134446302942882,0.01104446302942882,1.4345692808868213,0.5
2014-09-30,-0.02498219005155644,-0.02498219005155644,-0.01249109502577822,-0.01279109502577822,0.08248384547525356,1.0
2014-10-31,0.012651067900583679,0.012651067900583679,0.012651067900583679,0.012351067900583679,-0.739575287791891,1.0
2014-11-30,-0.003253489576970081,-0.003253489576970081,-0.003253489576970081,-0.003253489576970081,-0.6002373470535209,1.0
2014-12-31,0.006613489018960472,0.006613489018960472,0.006613489018960472,0.006613489018960472,-0.5233268360172859,1.0
2015-01-31,-0.06362511400014842,-0.06362511400014842,-0.06362511400014842,-0.06362511400014842,-0.847800831879769,1.0
2015-02-28,0.047320977532439246,0.047320977532439246,0.047320977532439246,0.047320977532439246,-0.8927023612745456,1.0
2015-03-31,0.016714421400585544,0.016714421400585544,0.016714421400585544,0.016714421400585544,-0.22236447188665248,1.0
2015-04-30,-0.009844749268033581,-0.009844749268033581,-0.009844749268033581,-0.009844749268033581,0.13192622532744988,1.0
2015-05-31,-0.03501622980280278,-0.03501622980280278,-0.03501622980280278,-0.03501622980280278,-1.014299858351312,1.0
2015-06-30,-0.028207034984663648,-0.028207034984663648,-0.028207034984663648,-0.028207034984663648,-1.6494192610162293,1.0
2015-07-31,-0.012209197249071158,-0.012209197249071158,-0.012209197249071158,-0.012209197249071158,-1.13539699993108,1.0
2015-08-31,-0.039423505413172355,-0.039423505413172355,-0.039423505413172355,-0.039423505413172355,-0.3634101826225966,1.0
2015-09-30,0.006183909947324262,0.006183909947324262,0.006183909947324262,0.006183909947324262,-0.6686673049851197,1.0
2015-10-31,0.04965972546892433,0.04965972546892433,0.04965972546892433,0.04965972546892433,-0.22621257483510104,1.0
2015-11-30,0.037740443751219654,0.037740443751219654,0.037740443751219654,0.037740443751219654,0.5705379831851823,1.0
2015-12-31,-0.0008659919791311754,-0.0008659919791311754,-0.0008659919791311754,-0.0008659919791311754,-0.16687407724582864,1.0
2016-01-31,-0.02815020261138229,-0.02815020261138229,-0.02815020261138229,-0.02815020261138229,-0.3790503082596595,1.0
2016-02-29,0.0034251680323498235,0.0034251680323498235,0.0034251680323498235,0.0034251680323498235,-0.28855890196382605,1.0
2016-03-31,0.02026493875388402,0.02026493875388402,0.02026493875388402,0.02026493875388402,0.1662728882893956,1.0
2016-04-30,0.0008893429482706994,0.0008893429482706994,0.0008893429482706994,0.0008893429482706994,0.4518212634959352,1.0
2016-05-31,-0.007168878530329159,-0.007168878530329159,-0.007168878530329159,-0.007168878530329159,-0.11578231519494413,1.0
2016-06-30,0.038747166498665386,0.038747166498665386,0.038747166498665386,0.038747166498665386,-0.6458540260489465,1.0
2016-07-31,0.008813932672670943,0.008813932672670943,0.008813932672670943,0.008813932672670943,0.783262114828017,1.0
2016-08-31,0.007910625523317671,0.007910625523317671,0.007910625523317671,0.007910625523317671,0.4967350007011495,1.0
2016-09-30,0.0031012241699927,0.0031012241699927,0.0031012241699927,0.0031012241699927,0.39339399001479297,1.0
2016-10-31,0.011402634474731721,0.011402634474731721,0.011402634474731721,0.011402634474731721,1.1562699902481823,0.5
2016-11-30,0.01415428935413282,0.01415428935413282,0.00707714467706641,0.0067771446770664105,1.3882190357875728,0.5
2016-12-31,-0.017399027638650644,-0.017399027638650644,-0.008699513819325322,-0.008699513819325322,-0.43258249151333594,1.0
2017-01-31,0.027927705297309258,0.027927705297309258,0.027927705297309258,0.027627705297309256,-0.06505852482735608,1.0
2017-02-28,0.016955439712442122,0.016955439712442122,0.016955439712442122,0.016955439712442122,0.4080482152673822,1.0
2017-03-31,-0.021833988925793413,-0.021833988925793413,-0.021833988925793413,-0.021833988925793413,-0.13945114263490854,1.0
2017-04-30,-0.03064337221783331,-0.03064337221783331,-0.03064337221783331,-0.03064337221783331,-0.2303734996244302,1.0
2017-05-31,-0.012059352689171132,-0.012059352689171132,-0.012059352689171132,-0.012059352689171132,-1.1656570550539396,1.0
2017-06-30,0.020915094015789837,0.020915094015789837,0.020915094015789837,0.020915094015789837,0.18878970696035924,1.0
2017-07-31,0.019856606962017465,0.019856606962017465,0.019856606962017465,0.019856606962017465,0.6885245711401077,1.0
2017-08-31,-0.028693147635394767,-0.028693147635394767,-0.028693147635394767,-0.028693147635394767,0.5656476183055348,1.0
2017-09-30,0.007458693527529037,0.007458693527529037,0.007458693527529037,0.007458693527529037,0.15853869350994632,1.0
2017-10-31,-0.013943277353480277,-0.013943277353480277,-0.013943277353480277,-0.013943277353480277,0.017842330280008187,1.0
2017-11-30,-0.02155962678196921,-0.02155962678196921,-0.02155962678196921,-0.02155962678196921,-0.22236868399688348,1.0
2017-12-31,0.026041990187172015,0.026041990187172015,0.026041990187172015,0.026041990187172015,-1.5968614792327198,1.0
2018-01-31,-0.0017565367711820379,-0.0017565367711820379,-0.0017565367711820379,-0.0017565367711820379,-0.21795178992366016,1.0
2018-02-28,-0.009949160563459958,-0.009949160563459958,-0.009949160563459958,-0.009949160563459958,-0.3094220856225112,1.0
2018-03-31,-0.0033755200122354556,-0.0033755200122354556,-0.0033755200122354556,-0.0033755200122354556,0.21362820079841127,1.0
2018-04-30,0.00803205299673726,0.00803205299673726,0.00803205299673726,0.00803205299673726,-0.04481822801916191,1.0
2018-05-31,0.014510351947881472,0.014510351947881472,0.014510351947881472,0.014510351947881472,-0.47709950601071843,1.0
2018-06-30,-0.022085727293318758,-0.022085727293318758,-0.022085727293318758,-0.022085727293318758,-0.9909954740039126,1.0
2018-07-31,0.00508263990080593,0.00508263990080593,0.00508263990080593,0.00508263990080593,-0.9738922154745769,1.0
2018-08-31,-0.03446533256129214,-0.03446533256129214,-0.03446533256129214,-0.03446533256129214,-0.6441711252903294,1.0
2018-09-30,0.008810024287240481,0.008810024287240481,0.008810024287240481,0.008810024287240481,-1.672648779105976,1.0
2018-10-31,0.011217055651550345,0.011217055651550345,0.011217055651550345,0.011217055651550345,-1.5339617653058082,1.0
2018-11-30,0.041417187654000875,0.041417187654000875,0.041417187654000875,0.041417187654000875,-0.9094687199399081,1.0
2018-12-31,-0.04209870712316499,-0.04209870712316499,-0.04209870712316499,-0.04209870712316499,0.279268366482591,1.0
2019-01-31,0.040133146909040796,0.040133146909040796,0.040133146909040796,0.040133146909040796,-0.3963606643036598,1.0
2019-02-28,-0.01370355166247883,-0.01370355166247883,-0.01370355166247883,-0.01370355166247883,0.13918011637322197,1.0
2019-03-31,0.009323981517572744,0.009323981517572744,0.009323981517572744,0.009323981517572744,0.28121244460336764,1.0
2019-04-30,-0.0006744151445949309,-0.0006744151445949309,-0.0006744151445949309,-0.0006744151445949309,0.3430279162160912,1.0
2019-05-31,-0.02276052061172673,-0.02276052061172673,-0.02276052061172673,-0.02276052061172673,0.22788905402528098,1.0
2019-06-30,0.00844398868098828,0.00814398868098828,0.00844398868098828,0.00814398868098828,-0.1658410439733765,1.0
2019-07-31,0.009401272960754492,0.009401272960754492,0.009401272960754492,0.009401272960754492,0.42464683054511726,1.0
2019-08-31,-0.020207834849443163,-0.020207834849443163,-0.020207834849443163,-0.020207834849443163,-0.760268749315129,1.0
2019-09-30,0.008322066428824049,0.008322066428824049,0.008322066428824049,0.008322066428824049,-0.3907236034412321,1.0
2019-10-31,0.0005518411192672046,0.0005518411192672046,0.0005518411192672046,0.0005518411192672046,-0.10256087541990444,1.0
2019-11-30,0.009205341563397418,0.009205341563397418,0.009205341563397418,0.009205341563397418,0.23656315794067695,1.0
2019-12-31,0.013606485907145416,0.013606485907145416,0.013606485907145416,0.013606485907145416,0.2546897296188319,1.0
2020-01-31,-0.024006422427115204,-0.024006422427115204,-0.024006422427115204,-0.024006422427115204,-0.04987756768016682,1.0
2020-02-29,-0.01855786412447763,-0.01855786412447763,-0.01855786412447763,-0.01855786412447763,-0.1664220461646202,1.0
2020-03-31,-0.04849067006278196,-0.04849067006278196,-0.04849067006278196,-0.04849067006278196,-2.356442332822583,1.0
2020-04-30,0.030581925418242006,0.030581925418242006,0.030581925418242006,0.030581925418242006,0.0,1.0
2020-05-31,,,,,-1.8627770185804848,1.0
2020-06-30,0.009738742001973777,0.009138742001973777,0.009738742001973777,0.009138742001973777,-1.284426838548192,1.0
2020-07-31,-0.020847311850852757,-0.02114731185085276,-0.020847311850852757,-0.02114731185085276,-1.3934001187897622,1.0
2020-08-31,0.011294183214430431,0.011294183214430431,0.011294183214430431,0.011294183214430431,-1.6449935045876436,1.0
2020-09-30,-0.0018388707884090527,-0.0018388707884090527,-0.0018388707884090527,-0.0018388707884090527,-1.4475076751704616,1.0
2020-10-31,0.0024841261716531116,0.0024841261716531116,0.0024841261716531116,0.0024841261716531116,-1.0835180942494933,1.0
2020-11-30,0.026224525961270895,0.026224525961270895,0.026224525961270895,0.026224525961270895,-0.888078157735985,1.0
2020-12-31,-0.0019013270011578598,-0.0019013270011578598,-0.0019013270011578598,-0.0019013270011578598,0.07277091650589051,1.0
2021-01-31,0.007676487178892688,0.007676487178892688,0.007676487178892688,0.007676487178892688,0.11804223630640232,1.0
2021-02-28,0.019155025929211256,0.019155025929211256,0.019155025929211256,0.019155025929211256,0.15415891458885334,1.0
2021-03-31,0.019557016700484542,0.019557016700484542,0.019557016700484542,0.019557016700484542,0.21807911577833072,1.0
2021-04-30,-0.0031637424258034175,-0.0031637424258034175,-0.0031637424258034175,-0.0031637424258034175,0.6988683357676886,1.0
2021-05-31,0.0007917278465136013,0.0007917278465136013,0.0007917278465136013,0.0007917278465136013,1.0126902122746024,0.5
2021-06-30,-0.0028443819506833723,-0.0028443819506833723,-0.0014221909753416861,-0.001722190975341686,0.14787972274379552,1.0
2021-07-31,-0.012739161150904399,-0.012739161150904399,-0.012739161150904399,-0.013039161150904399,0.0019918524366165924,1.0
2021-08-31,0.006764665108582701,0.006764665108582701,0.006764665108582701,0.006764665108582701,0.18729577808097944,1.0
2021-09-30,0.007909438095061394,0.007909438095061394,0.007909438095061394,0.007909438095061394,0.4070921079368867,1.0
2021-10-31,0.022367059584446902,0.022367059584446902,0.022367059584446902,0.022367059584446902,1.8690790293669366,0.5
2021-11-30,-0.026054773384918517,-0.02635477338491852,-0.013027386692459259,-0.01347738669245926,0.945736141437061,1.0
2021-12-31,0.00827171233486379,0.00827171233486379,0.00827171233486379,0.00797171233486379,-0.22209722341805554,1.0
2022-01-31,-0.007181718531361958,-0.007181718531361958,-0.007181718531361958,-0.007181718531361958,0.15924594853777835,1.0
2022-02-28,0.00798372311156692,0.00798372311156692,0.00798372311156692,0.00798372311156692,0.11213094285311226,1.0
2022-03-31,0.01167074827906217,0.01167074827906217,0.01167074827906217,0.01167074827906217,0.21983798845278169,1.0
2022-04-30,-0.0033199775155401956,-0.0033199775155401956,-0.0033199775155401956,-0.0033199775155401956,0.15179784587304435,1.0
2022-05-31,-0.009747354626505778,-0.009747354626505778,-0.009747354626505778,-0.009747354626505778,0.09542161560158424,1.0
2022-06-30,-0.01705264676413354,-0.01735264676413354,-0.01705264676413354,-0.01735264676413354,0.7318168393227901,1.0
2022-07-31,0.018464522551176366,0.018464522551176366,0.018464522551176366,0.018464522551176366,1.2135718161881943,0.5
2022-08-31,0.01148943144356157,0.01118943144356157,0.005744715721780785,0.0052947157217807855,0.7434798105272271,1.0
2022-09-30,-0.036120853296945976,-0.036120853296945976,-0.036120853296945976,-0.03642085329694598,-0.19324053843188982,1.0
2022-10-31,0.043207807302684365,0.043207807302684365,0.043207807302684365,0.043207807302684365,0.093531334151435,1.0
2022-11-30,-0.017498963677460067,-0.017498963677460067,-0.017498963677460067,-0.017498963677460067,0.5966987761055864,1.0
2022-12-31,-0.029586553754927136,-0.029586553754927136,-0.029586553754927136,-0.029586553754927136,0.25603200505459534,1.0
2023-01-31,0.011330101858150754,0.011330101858150754,0.011330101858150754,0.011330101858150754,0.005079030587795796,1.0
2023-02-28,0.003741284068466244,0.003741284068466244,0.003741284068466244,0.003741284068466244,0.34709871873174825,1.0
2023-03-31,-0.012976795809000019,-0.012976795809000019,-0.012976795809000019,-0.012976795809000019,-0.8499954825333188,1.0
2023-04-30,-0.0046502183006790765,-0.0046502183006790765,-0.0046502183006790765,-0.0046502183006790765,0.5753326336810567,1.0
2023-05-31,0.006071743227478388,0.005771743227478388,0.006071743227478388,0.005771743227478388,0.5926765695034647,1.0
2023-06-30,0.03402405111837953,0.03402405111837953,0.03402405111837953,0.03402405111837953,1.546154767684183,0.5
2023-07-31,-0.006178771479575351,-0.006178771479575351,-0.0030893857397876756,-0.0033893857397876755,1.395269446307272,0.5
2023-08-31,-0.005001308981693819,-0.005001308981693819,-0.0025006544908469097,-0.0025006544908469097,0.9144962020777876,1.0
2023-09-30,0.020645761475334035,0.020645761475334035,0.020645761475334035,0.020345761475334033,0.05324785200864013,1.0
2023-10-31,-0.011342911864840433,-0.011342911864840433,-0.011342911864840433,-0.011342911864840433,-0.009186435902596268,1.0
2023-11-30,0.0213566251740106,0.0213566251740106,0.0213566251740106,0.0213566251740106,-0.2122408070615942,1.0
2023-12-31,-0.02160766228851274,-0.02160766228851274,-0.02160766228851274,-0.02160766228851274,-0.017287608967649803,1.0
2024-01-31,0.016992276010768637,0.016992276010768637,0.016992276010768637,0.016992276010768637,0.3925297198776192,1.0
2024-02-29,0.021412345397636756,0.021412345397636756,0.021412345397636756,0.021412345397636756,1.8885850930132482,0.5
2024-03-31,0.00984350765054881,0.00984350765054881,0.004921753825274405,0.004621753825274405,1.4468112739304138,0.5
2024-04-30,0.02140233660679658,0.02140233660679658,0.01070116830339829,0.01070116830339829,1.4778164711727881,0.5
2024-05-31,0.023069136847221672,0.023069136847221672,0.011534568423610836,0.011534568423610836,2.346006465743714,0.5
2024-06-30,0.005724658717932152,0.005724658717932152,0.002862329358966076,0.002862329358966076,3.7547786570483903,0.5
2024-07-31,-0.046510348854860106,-0.046510348854860106,-0.023255174427430053,-0.023255174427430053,2.649869481655779,0.5
2024-08-31,0.007109542707886107,0.007109542707886107,0.0035547713539430537,0.0035547713539430537,-0.6015450803277008,1.0
2024-09-30,0.011316236695193993,0.011316236695193993,0.011316236695193993,0.011016236695193993,-0.7285739129290753,1.0
2024-10-31,-0.007590574224273894,-0.007590574224273894,-0.007590574224273894,-0.007590574224273894,0.7076085957223202,1.0
2024-11-30,-0.002479440835025548,-0.002479440835025548,-0.002479440835025548,-0.002479440835025548,-0.22412213083505417,1.0
2024-12-31,0.005058411890930259,0.005058411890930259,0.005058411890930259,0.005058411890930259,-0.6799557258869198,1.0
2025-01-31,-0.0018110478074427894,-0.0021110478074427893,-0.0018110478074427894,-0.0021110478074427893,-0.6736086277939124,1.0
2025-02-28,-0.01148389787618126,-0.01148389787618126,-0.01148389787618126,-0.01148389787618126,-0.7058060008881264,1.0
2025-03-31,0.0048546855693760715,0.0048546855693760715,0.0048546855693760715,0.0048546855693760715,-0.8252528658150252,1.0
2025-04-30,-0.029329598590685402,-0.029329598590685402,-0.029329598590685402,-0.029329598590685402,-0.9462647490362406,1.0
2025-05-31,0.015965559857303635,0.015965559857303635,0.015965559857303635,0.015965559857303635,-0.7480383661155456,1.0
2025-06-30,0.0048924335375925,0.0048924335375925,0.0048924335375925,0.0048924335375925,-1.2164376355086777,1.0
2025-07-31,0.006411341013769778,0.006411341013769778,0.006411341013769778,0.006411341013769778,-1.4596995719599413,1.0
2025-08-31,0.002385966196534972,0.002385966196534972,0.002385966196534972,0.002385966196534972,-1.7391637145050272,1.0
2025-09-30,0.007363416464045369,0.007363416464045369,0.007363416464045369,0.007363416464045369,-0.9730923144852183,1.0
2025-10-31,0.009950873285203998,0.009950873285203998,0.009950873285203998,0.009950873285203998,-1.0826222186689067,1.0
2025-11-30,0.014363164835814568,0.014363164835814568,0.014363164835814568,0.014363164835814568,-1.1582910947667564,1.0
2025-12-31,0.01535121156912267,0.01535121156912267,0.01535121156912267,0.01535121156912267,0.36517710828882954,1.0
2026-01-31,0.015084595148888158,0.015084595148888158,0.015084595148888158,0.015084595148888158,1.01419485898735,0.5
2026-02-28,0.005615600168346391,0.005615600168346391,0.0028078000841731954,0.0025078000841731955,1.0645848367627706,0.5
2026-03-31,-0.009988788181916008,-0.010288788181916008,-0.004994394090958004,-0.005144394090958004,1.141728463335039,0.5
2026-04-30,0.021626958229977955,0.021626958229977955,0.010813479114988978,0.010813479114988978,0.780343931804616,1.0
2026-05-31,0.018613621014019477,0.018613621014019477,0.018613621014019477,0.018313621014019475,0.9192656029575421,1.0
2026-06-30,-0.016091451354265707,-0.016091451354265707,-0.016091451354265707,-0.016091451354265707,0.3747324135860731,1.0
2026-07-31,0.017470801191580843,0.017470801191580843,0.017470801191580843,0.017470801191580843,-0.007413735747779371,1.0
2026-08-31,0.017769910404276168,0.017769910404276168,0.017769910404276168,0.017769910404276168,-0.2686218017108789,1.0
