,,Start,End,Months,Ann. mean (%),Ann. vol (%),Sharpe,Max drawdown (%),Skewness,Worst month (%),Hit rate (%),Ann. turnover (x)
Carry (gross),Full,1999-05,2026-08,327,3.3075006195153938,8.903673041588624,0.3714759744732561,-36.88365087331851,-0.48530501084817956,-12.006566740842366,59.9388379204893,1.2110091743119267
Carry (gross),In-sample,1999-05,2010-12,140,5.009849373263707,10.541804640544502,0.47523640819480595,-36.88365087331851,-0.7133435357880142,-12.006566740842366,65.71428571428571,1.6285714285714286
Carry (gross),Out-of-sample,2011-01,2026-08,187,2.033014921522004,7.455111379377591,0.2727008113045436,-15.403319276299754,-0.10305474227559458,-6.362511400014842,55.61497326203209,0.8983957219251336
Carry (net),Full,1999-05,2026-08,327,3.2711703442860363,8.906761166257876,0.3672682227832095,-37.00107006489516,-0.4857078951498362,-12.036566740842366,59.63302752293578,1.2110091743119267
Carry (net),In-sample,1999-05,2010-12,140,4.9584208018351354,10.546869592815415,0.4701319911277597,-37.00107006489516,-0.7139307875574876,-12.036566740842366,65.0,1.6285714285714286
Carry (net),Out-of-sample,2011-01,2026-08,187,2.0079881835540894,7.456599463769475,0.2692900689262726,-15.45385492507375,-0.10121623372946806,-6.362511400014842,55.61497326203209,0.8983957219251336
Crowd-filtered (gross),Full,1999-05,2026-08,327,3.2910207030606564,8.543317344278035,0.3852157856766081,-36.87305325946271,-0.4489672741942159,-12.006566740842366,59.9388379204893,1.963302752293578
Crowd-filtered (gross),In-sample,1999-05,2010-12,140,4.52309006746244,10.121302840236412,0.44688812684087115,-36.87305325946271,-0.6836062274412072,-12.006566740842366,65.71428571428571,1.7999999999999998
Crowd-filtered (gross),Out-of-sample,2011-01,2026-08,187,2.3686158313160064,7.155695720506802,0.3310112564635782,-14.31953889095372,-0.017541945413192542,-6.362511400014842,55.61497326203209,2.085561497326203
Crowd-filtered (net),Full,1999-05,2026-08,327,3.2321216204918493,8.545065999102569,0.37824419622169064,-36.99049216642641,-0.44965090410898023,-12.036566740842366,59.63302752293578,1.963302752293578
Crowd-filtered (net),In-sample,1999-05,2010-12,140,4.46651863889101,10.124852223356577,0.4411440819439709,-36.99049216642641,-0.6856218253219829,-12.036566740842366,65.0,1.7999999999999998
Crowd-filtered (net),Out-of-sample,2011-01,2026-08,187,2.307974120086059,7.155558816304117,0.32254282011172675,-14.422095828940584,-0.015027085232871272,-6.362511400014842,55.61497326203209,2.085561497326203
