date,AUD,CAD,CHF,EUR,GBP,JPY,NZD
1986-01-31,,-0.4750026424268048,0.3299333605331157,0.29045247430327437,-0.1853275794429188,0.41529055842682466,
1986-02-28,,-0.14653399668325043,0.11422441316952313,0.20026700373521183,0.08639921722113503,0.29832504734848486,
1986-03-31,,0.07837505129257284,0.13085095193015672,0.2468051419308629,0.25259871572001275,0.46858329340360966,
1986-04-30,,0.1351865398683248,0.22800172141730024,0.1048810758428399,0.40498481781376516,0.4691509335558569,
1986-05-31,,0.14074914869466515,-0.13982968211662225,-0.15039496631672536,0.14984959455924665,0.37356306858170635,
1986-06-30,,0.05159574468085106,0.26678861536553605,0.08514651919995865,0.4096429438911829,0.5221803808455519,
1986-07-31,,-0.0673014027182208,0.3301753792364518,0.17050818668404732,-0.22624089122887336,0.35802053526342364,
1986-08-31,,-0.16124792868978916,-0.05011516872777691,0.06404605092568584,-0.14121203397149848,-0.149099271751629,
1986-09-30,,-0.07971788843770036,0.20797174950223524,0.15513695633149557,-0.3605556444302245,0.20145750582674063,
1986-10-31,,-0.183243112224287,-0.13101989515955978,-0.011107160039324784,-0.1902843858131488,-0.2240954902233988,
1986-11-30,,-0.008874931731294375,0.04473112045223945,0.12173927947074349,-0.005450230023148826,-0.14379323784468478,
1986-12-31,,0.12097476066144473,0.0973290690638776,0.15921611126162738,0.20440699935191187,0.16364577938891767,
1987-01-31,0.1078838174273859,0.2235350125508526,0.06622792650605998,0.13956851273186624,0.08611261995292413,0.16987936823778138,
1987-02-28,,0.2323146917904739,-0.04148025407346037,-0.10668025284100723,0.3258196226232756,0.23583843941478055,
1987-03-31,,0.264134749490398,-0.03467115662153804,-0.0824900484389238,0.3872853779200508,0.3679358624832494,
1987-04-30,,-0.00537963076170681,0.0059961072392792115,0.0015112170618534757,0.23199244664198573,0.29689938831470153,
1987-05-31,0.31793068809643393,0.014012438006770054,0.07773240737980984,0.07534272877385662,0.07310851606561981,0.19757744625684487,
1987-06-30,,0.14948663210328353,-0.03026569750728923,-0.12386434349719976,0.24559171059807308,-0.044120276019879154,
1987-07-31,0.36896221903395504,0.11805810959911732,0.049137373668628984,-0.017658786670464256,0.16290184635508376,0.06586841967965774,
1987-08-31,0.37252535007242876,0.21595803659004648,0.09342278512759421,-0.004944987019409074,0.16009334349945703,0.3738399017106134,
1987-09-30,,0.40584445896741667,-0.07103052126200274,-0.08143228414669362,0.18463294028147584,0.02666090992498246,
1987-10-31,,0.09995819834883478,0.13465731825958602,0.09998847527947448,0.21348314606741572,0.16394150808907704,
1987-11-30,,0.10594689715853217,0.13590208966938094,0.04766920813269128,0.272305557964103,0.14764755634421797,
1987-12-31,,0.28427689830963243,0.06461437155321426,0.02710843373493976,0.3023190737696317,0.1616419729932483,
1988-01-31,,0.3485813094395976,0.056260829590862475,-0.14226021411404852,0.027263902371377064,0.05955472073366112,
1988-02-29,,0.3758062449275981,0.07032067458607744,-0.0854865718464506,-0.03820578763235328,0.05355871886120996,
1988-03-31,,0.34081104400345125,0.18783974229917455,0.05298425174587916,0.2549399183172407,0.2639438512655865,
1988-04-30,,0.15555127216653816,-0.007815055795863474,0.012659163116025909,0.05370964696998301,0.12997999954021933,
1988-05-31,0.0949714413708142,0.13495945855391006,-0.14092631477324838,-0.20157226061502248,-0.0985566279996458,-0.01318248497879951,
1988-06-30,0.047275641025641024,0.5321732450957221,0.035894823464869316,-0.08009080493910978,-0.16091954022988506,-0.01074030552291422,
1988-07-31,0.1556266465939029,0.30190561708071434,0.0038118131868131867,-0.09404304381245196,-0.08642508796839311,-0.036437822256506026,
1988-08-31,0.23381770145310435,-0.015045768596780416,0.09016901408450705,-0.04195206833821087,0.11351793195054664,-0.22123741097480626,
1988-09-30,0.1395415064787128,0.07031206230040898,-0.019861660079051383,-0.02506410786665564,0.03401094605160281,-0.1824550331334806,
1988-10-31,,0.2051424185570527,0.28637770897832815,0.14424736792184387,0.17862947622293293,0.13804672476576244,
1988-11-30,,0.24274630672760122,0.2624387385467718,0.11792713590241989,0.2970470645998457,0.16613849976592604,
1988-12-31,,0.2989897151178666,0.06332060713288015,-0.0016054529067147363,0.021134115623272103,-0.20681839066376695,
1989-01-31,,0.30835343275469645,-0.2856124201860435,-0.15909729685045879,-0.1157967088505236,-0.10091425937307928,
1989-02-28,-0.058276333789329685,-0.07769774793859792,0.04705288719291053,0.03365516050590656,-0.21437841664372517,-0.061650045330915684,
1989-03-31,,0.258978146808619,-0.225373053633218,-0.11020177790320304,-0.3447905477980666,-0.32209304567451363,
1989-04-30,,0.2716578475532427,-0.14955875522526707,0.04851401187212811,-0.09355658709106986,-0.21186424382270935,
1989-05-31,-0.3287205632435057,-0.11085308380575097,0.059937774524158126,-0.08186499003855209,-0.3287626628075253,-0.08592467023361763,
1989-06-30,0.010025062656641603,-0.0674931895257686,0.2064835455472853,-0.07147995683625755,-0.3396323215049166,-0.1165315346006223,
1989-07-31,-0.09115401885945218,0.2122023700333859,0.24754686676537757,0.20601078859491395,0.31421522110457395,-0.07282606778046327,
1989-08-31,0.0,0.27134516446037343,-0.09104917888433936,-0.15359350592130736,-0.16700063758083614,-0.22678754004498672,
1989-09-30,0.038707799767171126,0.25739601279842483,0.005021545143012248,0.28934524024729746,0.14876641708604393,-0.027799123952970108,
1989-10-31,,0.3552746792553394,0.08450524162618256,0.3326972764121649,-0.028714815622954398,-0.1502713582288035,
1989-11-30,,0.36944822667444727,0.1891271820448878,0.2500549873529088,-0.14473515728370823,0.008010035213928393,
1989-12-31,0.33202819107282694,0.4429992348890589,0.3316367450181998,0.31036798512217384,0.3598185026468364,0.02365892714171337,
1990-01-31,-0.06036824630244492,-0.3195548489666137,0.2527517534428915,0.14887356030882168,0.3514564558950006,-0.009563953952515528,
1990-02-28,-0.07896814951302975,-0.3451970782800441,0.07672137515781295,-0.052087933657196134,0.19448433420365535,-0.2632756285185231,
1990-03-31,-0.19590268886043533,0.012362866848582725,-0.03958033829871838,-0.1346361415667784,-0.1871048093504503,-0.10610290012634796,
1990-04-30,-0.1597035040431267,0.20035796647506282,0.23978885630498534,0.0804145926915139,-0.17596549382962579,-0.09011036397202496,
1990-05-31,-0.19525065963060687,-0.12072376910503828,0.003770327973108022,-0.10912233057647204,0.29815429557827644,0.08550101786926034,
1990-06-30,,0.14537302841660485,0.10394283926149994,-0.08349444394254224,0.4224609429781505,-0.059394020466858405,
1990-07-31,0.1897782788425404,0.27437002652519893,0.17280271874307385,0.19158233379352274,0.33529814220304194,0.09533925582593021,
1990-08-31,0.0,0.06469931563364559,0.09143917307182613,0.05635412364036899,0.2170486206983107,0.15305138448822153,
1990-09-30,0.0,-0.026065579697046384,0.06245341111651272,0.0009684590495895054,-0.19512885868026056,0.08570519035147375,
1990-10-31,0.0,-0.1434802784222738,-0.009118173462971025,-0.028914787442359927,0.20861937452326468,0.19568563040751136,
1990-11-30,0.0,-0.0801190023177777,-0.02232176945200947,-0.0925218113834649,0.21185954365350457,-0.004442151360330204,
1990-12-31,-0.06596919500145307,0.09752553716097218,-0.4043154455270672,-0.20099737778610227,-0.2604813969952018,-0.30454237288135594,
1991-01-31,0.0,-0.003496911061895326,-0.1812533509950484,0.09440855572346679,0.1271363067944977,0.02417334227335286,
1991-02-28,0.0,0.092976567646413,-0.3156417682584585,-0.09970153599767052,-0.08115407835785327,-0.08518738103410615,
1991-03-31,,0.06293851670911076,-0.3875928307135172,-0.24405570115886197,-0.3584831899921814,-0.2111692844677138,
1991-04-30,,0.06369376479873717,-0.22439694801194257,-0.12824051256776736,-0.19508589129822584,0.03992515264920229,
1991-05-31,,0.25887807139545665,-0.20394703205685363,-0.17163769441903018,-0.16793893129770993,-0.009432736050505989,
1991-06-30,0.06413077648538196,0.39004995412376386,-0.2750952803965957,-0.14520888336698246,-0.2552865161206109,0.054262429029351994,
1991-07-31,,-0.10660626990178051,-0.09104589917231001,0.09118983801421746,0.09945126984897781,-0.0402954318242099,
1991-08-31,,0.2973668852346459,-0.17719626168224298,-0.004593087470703914,0.011801391220916287,-0.06263033133120645,
1991-09-30,,0.07833694813072088,0.09307945502270738,0.11483818591091922,0.3427288400625476,0.155667021678634,
1991-10-31,,0.2704448833394704,0.038150383967804194,0.07445045841157627,0.12838002436053594,0.08854060655404031,
1991-11-30,,-0.09488936753475621,0.20453614742479131,0.09834955658900962,0.2243657505285412,0.055347476432094755,
1991-12-31,,-0.3669912366114898,0.2283943576289875,0.16426788074607138,0.3167282270606532,0.1099141530547483,
1992-01-31,,-0.34380960638113406,-0.12390654811188308,-0.08261070730287608,-0.008116293155663234,0.09606486647325746,
1992-02-29,,-0.18817673768774013,-0.2397178916109874,-0.15193568073871627,-0.046960920888628195,-0.07862520914668154,
1992-03-31,,-0.17243634664797944,-0.23041122091169908,-0.02577525944630924,-0.0413630256890445,-0.2271411116876161,
1992-04-30,0.0985062575696407,-0.14277386446441584,-0.19992564858333997,-0.030915703893881045,0.2237528259231349,-0.22600476568705322,
1992-05-31,0.08466640655481857,-0.300390167772142,0.06776014377198977,-0.0790251024877857,0.194975361039109,0.023976452490829487,
1992-06-30,0.0,-0.13231183869035737,0.3354707082483241,0.11164933276345158,0.2633739178422378,-0.004782745184938969,
1992-07-31,,0.11964996545711748,0.07894653740486943,0.0019190490289611914,0.18886990118136562,-0.19575928989451588,
1992-08-31,-0.25718120805369127,-0.11044549763033175,0.13216475436945074,0.07890606835619624,0.2026285608009671,0.02037834856367675,
1992-09-30,-0.2160513643659711,-0.34186575654152446,0.0013533173190783908,-0.05038059993380871,-0.2396302278428812,0.13151132404181184,
1992-10-31,-0.14187705817782656,-0.2313546423135464,-0.25429647757582424,-0.17203277603045852,-0.25037462139327277,0.10352962322226965,
1992-11-30,-0.20340858787073926,-0.178758866376157,-0.23189737933288396,-0.27007136965175915,-0.2658334588164433,-0.09513936388508892,
1992-12-31,-0.30984153461217684,0.07161776691116545,-0.3429389470215045,-0.3283924891055526,-0.30616208581013477,-0.20790612895876054,
1993-01-31,-0.30677635851915996,-0.05889602053915276,-0.2820347856952702,-0.16231978613029502,-0.06514141742522757,-0.12047665466409374,
1993-02-28,-0.00740521327014218,0.24344702352755407,-0.22041184365039423,-0.09501201878074898,-0.3155185785799901,0.2413220789074355,
1993-03-31,0.30431034482758623,0.08541230241858694,-0.2692849099099099,0.06119792931304086,0.05366814377154111,0.1439988396547973,
1993-04-30,0.18867924528301888,-0.19061279507828433,0.10103816347419213,0.04679262887800326,0.23431913484881925,0.24510491326477615,
1993-05-31,-0.013262599469496022,-0.005041491924689926,0.051624416779548044,-0.16192200216939998,0.1634464605734767,0.29656917633358715,
1993-06-30,-0.24276169265033407,-0.10730154028436019,-0.2516379660230765,-0.2917447455051912,-0.17626211485606827,0.2504134613925683,
1993-07-31,-0.2480478917230609,-0.06916865925078837,-0.25232983366757106,-0.3074687681625868,-0.11508559467743142,0.2780659060081385,
1993-08-31,0.17527272727272727,-0.35019782065733923,0.06422985677884192,-0.022684776856588464,-0.17341159207630227,0.18238265755175365,
1993-09-30,-0.38072997751254106,-0.22424670945284456,0.4552929085303186,0.10619313767262338,0.11084251406832052,-0.16134371463797734,
1993-10-31,-0.2866766467065868,0.12287573821863323,-0.03127993992594319,-0.09136573807009292,-0.21254256526674234,-0.39011432741425445,
1993-11-30,-0.10713359273670557,-0.024379600267651937,-0.30600603588366,-0.277297472456254,-0.08397048245730879,-0.24394502829426032,
1993-12-31,0.29257314328582146,0.028850895939503535,0.2748813329458491,-0.14815651928238452,0.23422365717640153,-0.4295467230106841,
1994-01-31,0.511249721541546,0.24343349443160328,-0.14714853261566063,-0.33607779072264926,0.3091215414550804,-0.3287391169929491,
1994-02-28,0.4820505847158009,-0.10219505150669106,0.08403733955659276,-0.07080360267700901,-0.22837234067180592,0.13183783945746733,
1994-03-31,0.21114220300178071,-0.22483891969557507,0.16256444370530518,0.14910977778646392,-0.16396534637639462,-0.11362996603299116,
1994-04-30,0.22470262343164413,-0.10628308620978753,-0.009978220128653193,0.04736273488443878,0.13764583930658786,-0.005281749940559084,
1994-05-31,0.30057565789473684,-0.12987870649613667,0.17872878676083062,0.1603038979533094,0.14376292832089216,-0.19800771659066993,
1994-06-30,0.028191320874247704,-0.09776709375232336,0.4022030595906399,0.3306498924450818,0.4142137431910595,-0.05792436423548077,
1994-07-31,0.2835934526075371,0.19629764881035985,0.29871244635193134,0.08977085347131404,-0.13249123242605754,-0.0462850504303744,
1994-08-31,0.27075987841945287,0.18784467693983614,0.22832518052643838,0.002646990130013927,-0.18583623497697405,-0.15572201414898043,
1994-09-30,0.22776421346355075,0.43883262550364804,0.3306122448979592,0.1366841886124701,0.3568316355659725,-0.053903654485049836,
1994-10-31,-0.21268331351565598,0.09450040766944583,0.33771971271971274,0.21332386875311218,0.33737619222303744,-0.05008252150671126,
1994-11-30,0.4698272896167343,-0.37137820865924864,-0.37558608746793876,-0.2852514256091239,-0.3254707112970711,-0.28423479140897334,
1994-12-31,0.5753683661494328,-0.48182752137083484,-0.4179931335830212,-0.24246429390265284,-0.39361756359496336,-0.4063560670343657,
1995-01-31,0.10340696368401348,-0.335735826868729,-0.10736541782416097,-0.04275423779431616,-0.10992609224436337,-0.3077094474153298,
1995-02-28,-0.20359319858838626,0.016132814331942035,-0.1297075955937482,0.11437301881943056,-0.09022025048093911,-0.00921063775726264,
1995-03-31,-0.41897609477469855,0.07288266148259546,0.2489927989087333,0.20197982105463544,0.1663251515019401,0.08497287737854337,
1995-04-30,-0.20961098398169337,0.33075493194219585,0.20132866446313447,0.13639174169418933,0.12066384362034305,0.07504060469765117,
1995-05-31,-0.1848432585979507,0.19664913782560842,-0.0978630403108305,0.008048730408596263,-0.26406943563728597,-0.03413052522846936,
1995-06-30,-0.17371937639198218,0.18241732025169236,-0.1042223409941208,0.18066316302757762,-0.23551447336414497,-0.10812318678866324,
1995-07-31,0.18098126286147515,0.3562131977489516,-0.1663334829260332,0.16615868842008805,-0.27961875653502777,-0.2577663768225286,
1995-08-31,0.26865563822870764,0.41724298501284857,-0.2091441468919661,-0.1933650789083742,-0.32280684304754326,-0.20071857648011135,
1995-09-30,0.18343028710827547,0.08065635085814254,0.11804595430903944,-0.06818413591955781,0.21503409279893565,-0.31165286580006474,
1995-10-31,0.17778252054209795,0.08981866930078318,0.09267935974866615,0.07531337586189109,0.2349694626547879,-0.312312818998608,
1995-11-30,-0.0022355289421157683,0.10351331092680804,0.04672505113010646,-0.22718653028387542,-0.3160490782415685,-0.2640316860104056,
1995-12-31,0.0,0.04642548906789413,-0.3138402138402138,-0.2204308307231115,-0.05646059185467331,-0.4441175074747283,
1996-01-31,-0.10773661474014923,-0.26780387770320657,-0.31511011554924706,-0.36397687393143163,-0.4087432337020475,-0.4371613725698502,
1996-02-29,0.225328284862644,-0.10290266560079389,-0.2217529589655352,0.08311226655348047,0.042830943976652006,-0.28023482835294755,
1996-03-31,0.442905156160341,0.35182424480188307,-0.23029513277452984,-0.14515685951321355,-0.11229293809938971,-0.4355947136563877,
1996-04-30,0.41746982721194753,0.17210974064592868,-0.3261282090431217,-0.367731837171107,-0.18172452700603406,-0.13413637027303255,
1996-05-31,0.4739016780504258,-0.2632272676642038,-0.32355083775627014,-0.3129241053961298,0.0008522507166653754,-0.2821231031059424,
1996-06-30,0.33564633463905985,0.23735230010324654,-0.3424012764260072,-0.092392379787368,0.34468034634088485,-0.3940560128093486,
1996-07-31,-0.12538085126027143,-0.11708062667176156,0.15079425400927263,0.3399356406383398,0.2515866737798709,-0.3382518288196999,
1996-08-31,0.0,0.1077756931415468,0.1966776777014663,0.10536322477396763,0.16404288016792234,-0.21940501204325322,
1996-09-30,-0.020663291662361815,0.16167144699102703,-0.3275380157448009,-0.25692747512497405,0.4242547459910036,-0.41952616074021826,
1996-10-31,0.0276049766718507,0.48788713539119016,-0.2921105954637558,-0.0055386449932532085,0.40854803963808706,-0.38352883972527807,
1996-11-30,0.31409887522887786,0.3580811922288543,-0.2867578541001065,-0.12141297982217963,0.3275468910585817,-0.2818934314365395,
1996-12-31,0.01970727209865161,0.010421057221342093,-0.35543731293648156,0.054808424257802586,0.38684841013235327,-0.44286646258844786,
1997-01-31,-0.2836284355179704,0.06207908982475457,-0.34409142516797886,-0.4017000450769528,-0.2017147523135547,-0.4382105457518926,
1997-02-28,-0.12148468632585677,-0.054090434104957404,-0.3431890555229403,-0.1619462525761626,-0.2082124983959964,-0.33898494837666376,
1997-03-31,0.07074539562089953,-0.1943482273012986,-0.3633002193901447,-0.04789275080803095,-0.32644949193066347,-0.3982641242521588,
1997-04-30,-0.057094128157232193,-0.1747268007003562,-0.357145872024312,-0.17754380989518712,0.29992397675160015,-0.41102311668366703,
1997-05-31,-0.3133214043314617,0.006628039049358043,0.2915881445948261,-0.008602627622075969,0.26246888761248327,0.11686679042225721,
1997-06-30,-0.4063095238095238,-0.08503852689899201,-0.14939280990741854,-0.11662278801612957,0.437550638267226,0.02152897330634329,
1997-07-31,-0.3973980540067782,-0.10890630173270059,-0.32971025744542093,-0.520228819718508,-0.01653649984061205,-0.27770862409314373,
1997-08-31,-0.2248963080546879,-0.2158214087789351,-0.1883879488827015,-0.04835060140526379,-0.24403437506378983,-0.2743003219543958,
1997-09-30,-0.4502703254105886,-0.03501488487008647,0.28875331139118565,0.004736152081284825,-0.2605920114122682,-0.3368522815158546,
1997-10-31,-0.43099398722284854,-0.3573475179249551,0.20593770870013964,0.05079360494504701,0.3865305494674511,-0.15385561897189803,
1997-11-30,-0.3965623081645181,-0.2691708811077224,0.3333660470685222,0.058430515063168126,0.4139992845340102,-0.300923569739245,
1997-12-31,-0.4823279781752046,-0.3236330636013008,-0.36515161965193,-0.38348697688030436,-0.012,-0.38898052691867124,
1998-01-31,-0.2461440407903123,-0.26253124078299883,-0.2870130640156531,-0.11727611591337225,0.10494954348870736,-0.24767700204664603,
1998-02-28,-0.11263900514169556,-0.05280364573013672,-0.2639059370760385,-0.06496461071789686,0.10900445765230313,-0.09417035792474925,
1998-03-31,-0.22331744364547143,0.07001258118263116,-0.3646380490703107,-0.4009790832220739,0.3148311170828893,-0.42950474183350895,
1998-04-30,-0.3994902293967715,-0.14871451302235994,-0.21494176972025453,0.31865452942244354,0.280054317437495,-0.3444742592529692,
1998-05-31,-0.3569620253164557,-0.2655085093440095,0.15361104196055653,0.3478536266308651,-0.3206620658273927,-0.509495144072558,
1998-06-30,-0.18626124333359867,-0.3269200029063431,-0.40602990092212266,-0.1790021229062698,0.3519118984538732,-0.26634246789420946,
1998-07-31,-0.09898466724215892,-0.3106555781158735,-0.2795137677417554,0.19695338848397248,0.12492078580481622,-0.3264132754940439,
1998-08-31,-0.2203931541686714,-0.2948853568878428,-0.06825026033604457,-0.10734262899760853,-0.2798105536694748,-0.28911902003898204,
1998-09-30,-0.1771473739680309,-0.06576495225652751,0.42574839542062026,0.41715635478950386,0.38989632873712665,0.010218233976220676,
1998-10-31,0.13050276054135926,-0.05637208599387917,0.4273283556952787,0.27617639812761763,0.041904383262101184,0.05114419473522343,
1998-11-30,0.17522017614091273,-0.09551427134414686,-0.08794868632046379,0.015577699293642786,-0.17266472850719586,0.010905931934775718,
1998-12-31,-0.04599669343410487,-0.20754433046575205,0.25521617552161757,0.07448701842546064,0.2698643516006511,0.1492241913308858,
1999-01-31,0.04449058282663503,0.06521442628061493,0.053074514715090795,0.14394160583941606,-0.14385596577404533,0.10975750355482111,0.5012908777969018
1999-02-28,0.19842394497632462,0.1998083373263057,-0.40025162365262335,-0.46142045913286867,-0.3515067318918759,-0.38491328506482575,0.32374429223744294
1999-03-31,0.06429721647112951,0.11793150010035947,-0.5577903334766321,-0.4718944608325139,-0.31279403116730375,-0.4510201688555347,0.0
1999-04-30,0.42343545500681107,0.38567064038818666,-0.6228208756336461,-0.449,-0.3811153646509214,-0.3737615378101448,0.1569767441860465
1999-05-31,0.36951530941264477,0.3387155963302752,-0.42370183790965454,-0.19837744269953492,-0.19550386048988286,-0.4719704904594927,0.45202151657123024
1999-06-30,0.2644013995599322,0.3155481450604419,-0.5867109951641639,-0.09682102628285356,-0.554058621855232,-0.453341833434965,0.0
1999-07-31,-0.008056318939878779,-0.33125614519943664,0.11939157442064187,0.03521209280524959,-0.46694142712444553,0.18948826459941992,-0.0938580164849774
1999-08-31,-0.29227066979888844,-0.08450089476670596,0.09734689277522175,0.05842051974350321,0.19646859454436122,0.36700483420712193,-0.06718475808473301
1999-09-30,-0.051279367903301766,0.20842384545228423,-0.1637659252861153,0.05251646284101599,0.5208567376931436,0.3856109255401758,0.0
1999-10-31,0.08532180106843043,0.061449951260536324,0.5083491030202104,0.1850332514095706,0.552240984962772,0.3285710898226311,-0.20300751879699247
1999-11-30,-0.16031363497505177,0.08866162435334893,-0.307309621338092,-0.353104517584044,-0.0239967345535791,0.3808817040394721,0.0
1999-12-31,-0.25188391855058523,0.13222833212657287,-0.2978766115002007,-0.2848378453293911,-0.2449696582561482,0.23052925697854218,0.0
2000-01-31,0.4014442503714904,0.36700181576736496,-0.3364886147384999,-0.20273091635044727,0.4251645258903443,-0.23289616737024593,0.0
2000-02-29,-0.21383256255187952,0.058539811588592075,-0.3839751606365087,-0.1182546111665005,-0.290255566008153,-0.35744714358833024,-0.2662295081967213
2000-03-31,-0.35034150261149055,-0.04447938693994108,-0.2918938017363214,-0.22243880066502322,-0.149935258832545,-0.3183678763944539,-0.20998980632008155
2000-04-30,-0.3286563614744352,-0.1701847163338377,-0.3938879077150075,0.015122289946763366,-0.24920000934295658,0.047615240075160915,-0.30015082956259426
2000-05-31,-0.20297113752122242,-0.36262609977428717,-0.23657795377106547,0.09937859749301495,-0.24555227496403967,-0.1585272796642503,
2000-06-30,-0.12923968814553208,-0.2764246947082768,0.24538468603618774,0.17400238122671582,-0.17538183733353396,0.03507459496430556,
2000-07-31,,-0.07558214980895393,-0.061705799299273126,0.19903349067206114,-0.031217413972888425,-0.31885076596477135,
2000-08-31,-0.11213991769547325,-0.20266981340806844,-0.40015505593088935,0.016517832685038075,-0.36225738765518445,-0.16651052962539944,
2000-09-30,-0.14367285246452263,-0.38335314702878287,-0.36316552724259377,0.0022432664368196805,-0.2133040980822087,-0.09610442771700817,
2000-10-31,-0.0859328074320266,-0.4574933727883608,-0.3368722484123583,0.028724388631857237,-0.10985662507617795,-0.3930302766408314,
2000-11-30,-0.031228537954995354,-0.2612823691272425,-0.22472068444891796,0.08079949711305644,-0.18684647970400559,-0.43048111075234097,
2000-12-31,0.022287272969196994,-0.2080851831799314,0.25671476903956364,0.31316404905207923,-0.016737845649454294,-0.4693677521667786,
2001-01-31,0.08076889923282475,0.14366398854506404,0.2120619141733362,0.18976490758355058,0.048783992527930455,-0.2882635552505148,
2001-02-28,-0.05287191486149898,-0.18595800901858286,-0.05017869564174522,0.1005336856010568,-0.08639676879871257,-0.3086553981348637,
2001-03-31,-0.10094491818391334,-0.31954784405481784,-0.35772764053500883,0.053171245910167426,-0.24173776315406342,0.034968962162921065,
2001-04-30,-0.04819704433497537,-0.2102242682509565,-0.41611637035326715,0.09020058297514945,-0.15049082885533308,-0.2669853192215773,
2001-05-31,0.022062247054188605,-0.21449301927718206,-0.4095369730476849,-0.03147517745728676,-0.22007411706925034,-0.11645279560036663,
2001-06-30,0.0027293142166177234,-0.06390441535056458,-0.3834143109540636,0.04210149443729861,-0.25825903805649325,-0.39372878098776504,
2001-07-31,-0.03256900212314225,-0.026703695791497544,0.13064942697619747,0.17938765266856282,-0.06309979301260742,-0.04186134314974751,
2001-08-31,0.14261690937063937,-0.11850179260893547,0.3105464842487573,0.26080384686779046,0.2942767908651455,0.26952685444835406,
2001-09-30,-0.07966309878926127,-0.41188612204579295,0.3751073839230927,0.256857717353207,0.2320524649028751,0.3367565349510364,
2001-10-31,0.024916943521594685,-0.284102521611843,0.2357012819540317,0.15472205480087162,0.02355684825616435,-0.3342623491877223,
2001-11-30,0.13643707482993198,-0.3054861986026801,-0.08592153849037507,0.008122935975284969,-0.1935970040189989,-0.19813135476779334,
2001-12-31,-0.003161863067007175,-0.24556004036326942,-0.27080763161669774,0.12601140435889924,-0.1103708638685321,0.006622415269790774,
2002-01-31,0.04199621733149931,-0.23533928400038392,-0.3935978745286253,0.007943586599030047,-0.3559251311397234,-0.04995117495117495,
2002-02-28,0.003888736389422637,-0.2468738791109572,-0.33411073486870135,0.028595941986655837,-0.18815478713740688,-0.15515459073395357,
2002-03-31,0.30188865085814187,-0.0726159927320253,-0.12685499731807617,0.22172828694360888,-0.029071744304658278,-0.06023513808490944,
2002-04-30,0.3451921079958463,0.03238531079791117,0.2826432674137963,0.25285213870231704,0.2310739532949596,0.06843296498468912,
2002-05-31,0.2747194013896312,0.20883999449364474,0.2169577413808705,0.22149225388004162,0.10084872690963555,0.12821755065930826,
2002-06-30,0.19334688706208197,0.23883676312123842,0.3449504668234623,0.1926017136114104,0.12022208966181802,0.14054075536185037,
2002-07-31,0.02493840314310448,0.06660436531821205,0.21357520548662373,0.2321236632599151,0.042124593083108425,0.052091362732768064,
2002-08-31,-0.00388903292714545,0.04513718965123487,0.24219016521272965,0.2119891740407317,0.07868963188112124,0.0598931806293533,
2002-09-30,0.018955288670235857,0.011775571461556222,-0.10254186403362466,0.17614842694460528,-0.07180100863321652,-0.2565667172799387,
2002-10-31,0.33956067621406266,0.2177561684603938,0.04221416704425313,0.2310497369679579,0.23770009598414713,-0.10399023518604739,
2002-11-30,0.38494779437478144,0.07291278261753839,0.1535806509344719,0.28924382080070765,0.1743738206632719,-0.062119925968188584,
2002-12-31,0.31573469033713064,0.1835931274106659,0.4623506253355338,0.2939239505972705,0.24035838382678115,0.2350749074623374,
2003-01-31,0.4312504055544741,0.39211022717952926,0.43970161624533777,0.24944826998304556,0.2507073374471181,0.2352757439068084,
2003-02-28,0.38274566412635064,0.379125284738041,0.2816683556456344,0.190302294478644,-0.031898485698261356,0.3020656444050184,
2003-03-31,0.1913722318984822,0.36678675587579346,-0.01369990103908956,0.10484026838225143,-0.1270151441133366,-0.15372319641947974,
2003-04-30,0.3433832738067628,0.34586891806158804,-0.00823585882828487,0.2696184617162002,-0.09117330462863293,-0.11789776017418294,
2003-05-31,0.30599925209680007,0.21409481694555055,0.361104838009207,0.21915131465340956,0.1935031783372541,0.26804621141083185,
2003-06-30,0.3530644894356485,0.21751537040610958,0.22058632598478356,0.24742767985156447,0.3744779885157474,0.1743376877060188,
2003-07-31,0.33902682886185637,0.15059462048048528,-0.1849705728634081,0.12900947315938174,-0.03762469036620473,0.06109324758842444,
2003-08-31,0.203954181704064,0.15395653295498515,-0.32487173468361225,0.02669956249875142,-0.04442499847371741,0.10044178596912053,
2003-09-30,0.26725489737168534,0.33286715303209435,0.036736961503738515,0.14857833318819125,0.20535584942364604,0.28293787344822097,
2003-10-31,0.3988263460119165,0.39116310064973703,0.22440553690125403,0.2353610392641139,0.30225159455928685,0.3591705913134485,
2003-11-30,0.40827751351001523,0.3268866375281069,0.07300765825056839,0.24818522135416668,0.27966644330280693,0.31893837156995053,0.461855927963982
2003-12-31,0.4473846470044189,0.2849434892389083,0.34522266790085365,0.28175826021243544,0.34703672787979967,0.3443358401421729,
2004-01-31,0.4109034368825111,0.20796735387369347,0.310235204130414,0.2577843152434776,0.2787223974763407,0.36084199784709386,
2004-02-29,0.35714046710834507,-0.10815987741029243,0.12942848197297752,0.1974997003835091,0.30327798083287766,-0.08572735590118939,
2004-03-31,0.13738597820001977,0.4337629577076189,-0.13313737356272154,0.06119536128456735,0.1328241950625428,0.04026463085304204,
2004-04-30,0.09545426847845957,-0.13560922001803427,-0.2927498746337987,0.04652911202071673,0.08782829709121717,0.0019432643029968183,
2004-05-31,-0.11082914702988243,-0.23310116811921866,-0.09690930493580444,0.12591760249224537,0.13012898247161284,-0.11252172458339917,
2004-06-30,0.06476132563089085,0.004490307713162532,0.3157020145209122,0.1290555628530146,0.2792830849073683,0.08509261506106933,
2004-07-31,0.09335024844063855,0.338778736578618,-0.020592854827852707,0.12268253439053735,0.36418917914331167,-0.02240365774003919,
2004-08-31,0.14506153940358826,0.3380905968625267,-0.19643757351705596,0.121564278418211,0.09474106247911794,0.004807780362277698,0.31105370788935527
2004-09-30,0.23932576678827186,0.4755202082867197,-0.18626989991267548,0.30065833519303725,0.14046690509138615,-0.23486290936785986,
2004-10-31,0.4750961682569816,0.3301373483653995,0.42976649107634246,0.30256774896665384,0.13154260461262257,0.19242579324462641,0.42568370986920334
2004-11-30,0.422224948540738,0.2231592267666418,0.5189311654561205,0.1049714045632658,0.3722570532915361,0.19983753046303818,0.4142018644262861
2004-12-31,0.49620348656050645,0.09269921869096734,0.41453501874523074,0.11384888311090346,0.2595306784812735,0.18442002020094625,0.20405414074026557
2005-01-31,0.4303199933160665,0.033646163601775525,-0.10145097808846855,0.005853524690746401,0.24995701177095872,0.0056973030299293384,
2005-02-28,0.4829846920013869,-0.03558198810535259,-0.0633760126384628,0.024393644558410775,0.3177145166586678,-0.16831728148282754,
2005-03-31,0.3273818307018838,0.3287229194635006,-0.33230783794017416,0.15188043255081787,0.178879180476047,-0.2641947001785277,0.5378017155395971
2005-04-30,0.3057363368543681,-0.28797604762515,-0.2507559018490522,0.03171465083063971,0.27743520739484,-0.23418451162924747,0.545010183299389
2005-05-31,0.07122589332948588,-0.3298838437170011,-0.570693975694193,-0.09611851291904207,-0.11644736150116226,-0.26381724793428946,
2005-06-30,0.3310756283145031,0.03193423002712452,-0.6075165141755221,-0.10232661742304487,-0.29560583898026804,-0.3506072819735988,
2005-07-31,0.2846007417375037,0.19304045045342855,-0.4938320138813578,-0.05729875332389405,-0.2621992265353801,-0.2966698547952352,
2005-08-31,0.1778261510008347,0.2601279317697228,-0.47069594365115697,-0.023541120528715744,-0.028493736790556213,-0.26741283065443633,0.518278427205101
2005-09-30,0.36316297621120275,0.3915789091107335,-0.5697330536628581,-0.011812996506949254,0.03309659090909091,-0.4262508028375345,0.4680140447032628
2005-10-31,0.13226814634064812,0.35311827956989245,-0.31218920376250675,-0.016913179452933358,-0.18901273456640552,-0.341577108668258,0.5644123180512922
2005-11-30,0.07270839400807871,0.25192569885283056,-0.4872638708573614,-0.09955471611093114,-0.33071456415484723,-0.3093610727095196,
2005-12-31,0.015839918697762436,0.41044254658385093,-0.44281406338459406,0.04074041114176381,-0.18479023208365214,-0.14857162039679075,0.41384773087317117
2006-01-31,0.39638004145611205,0.319518557034966,0.011685409286512446,0.24590241495610093,-0.020299497295171696,-0.22119603230113816,0.2406273909716909
2006-02-28,0.023553796872055777,0.32511361454266147,-0.5078337722626434,0.1152422642643771,-0.0829215440074527,-0.11310234768774811,0.2003315833103067
2006-03-31,-0.19386924150767798,-0.08941572416319428,-0.5352736289037133,0.2900259389546246,-0.09241312372240769,-0.16886080588114447,0.07340573201600392
2006-04-30,0.14749671997109773,0.15531210545675062,-0.2905619982158787,0.3696964567817648,0.13121650188977388,-0.03222202914380756,0.3950373839454441
2006-05-31,0.35064663071364993,0.2902189433603046,0.1044203387141554,0.4086096305920144,0.3541244792549443,0.12345092848373235,0.2135306553911205
2006-06-30,0.06440710239443995,0.337550534017886,-0.25,0.4364699053764021,0.08360901872964169,-0.20435926602553053,0.10259025991306663
2006-07-31,0.5356518391376185,-0.058925872361710686,-0.2849374660141381,0.34345937973698226,0.221920786648907,-0.3687436453277572,0.33321094180282723
2006-08-31,0.5247363768390478,0.288340148103484,-0.1836829633506331,0.4679904564900569,0.4299481381043213,-0.36135100085501204,0.5810265760539256
2006-09-30,0.524774578369988,0.06916114227434982,-0.4147076896694628,0.36465992479281517,0.46647614680401567,-0.3948562646899295,0.714898177920686
2006-10-31,0.6627808688705797,-0.22690943938667946,-0.5231749066334697,0.37014115761573074,0.4725682438939674,-0.2630104100932451,0.6646963123644252
2006-11-30,0.6436456954711256,-0.32341252318290203,-0.17664472848321602,0.4316264639428057,0.5232702279969627,-0.16642933357661627,0.7148467750857396
2006-12-31,0.6605583693254202,-0.4840285332535064,-0.21533742331288344,0.4282080801049503,0.526370563622237,-0.3992708285762129,0.8009198123946997
2007-01-31,0.5520921113728997,-0.4842050609389517,-0.5979406274462576,0.3591993938628615,0.5245261148234011,-0.5028191937687099,0.45116666666666666
2007-02-28,0.5932403096346653,-0.4095343165718267,-0.4322486409100582,0.46325704042515725,0.4245540896438958,-0.3491554851581657,0.7246147767680758
2007-03-31,0.6704125769422725,-0.2793578141923762,-0.219252655538695,0.485911112493391,0.3808339743475072,-0.2326618415958995,0.8253232407373873
2007-04-30,0.6210724640035082,-0.013392343947580182,-0.21616039817332855,0.47901959433864805,0.4733997270380931,-0.3471814750499934,0.7512370510127799
2007-05-31,0.40227017077410776,0.2785169321375987,-0.6071556754206959,0.44100883242702377,0.3660212463714409,-0.4583730347784659,0.6266179189779795
2007-06-30,0.6006510977184675,0.4923040627971318,-0.5770856834567659,0.3666969378932314,0.6016233705277518,-0.5338561846613246,0.5767641871814075
2007-07-31,0.3311640221436374,0.37101626714246255,-0.1252417877745254,0.365702219301067,0.5338092944485014,-0.19359672457439522,0.4425278441348928
2007-08-31,0.12374536950808138,0.3368844131006455,-0.15246067132161184,0.19369691268125447,0.2797685522375981,0.035545767974151155,0.13083185114242715
2007-09-30,0.5274734182687761,0.4672959203822914,0.0891445411011306,0.3980310228378456,0.2884850335980452,-0.01425743727076905,0.6022533611058511
2007-10-31,0.5198346360637961,0.4998220911909724,0.14903109073079102,0.3451338967926931,0.38201371346084445,-0.044814911577373176,0.5587170989982098
2007-11-30,0.3972929443102273,0.25810385033020633,0.16123792425408223,0.29861675064271964,0.28912344355570213,0.1627010915284514,0.30325404545052614
2007-12-31,0.29829700610694604,0.2770042397379071,-0.07527950715473125,0.2202546553620036,-0.03572064396347822,0.00507132934976738,0.6542822338830585
2008-01-31,0.24856354685809215,0.04724608665999318,0.13039855379487614,0.11958675045265736,0.057934345400285456,0.2567301442554884,0.5141459672005371
2008-02-29,0.3887564099858611,0.23787849881442316,0.11111251852508645,0.14609164172654593,0.038276958050053676,0.14538107998100536,0.6075884999022101
2008-03-31,0.49716662479412665,0.02202959531491802,0.1875347898691901,0.26145880454317605,0.2525636594077659,0.3352728160475241,0.5156028368794326
2008-04-30,0.5226067685679964,0.075673142554427,0.11731291263112034,-0.11141719112635122,-0.1895043509430221,0.3321552653648017,0.23234845919403996
2008-05-31,0.5310518705276037,0.3927675912866322,-0.1415676071926521,-0.01525371106141531,-0.1517024466956808,0.19397977727039747,0.15452621093263605
2008-06-30,0.5553656177601836,-0.053234509338867475,-0.05268354763681046,0.009723306739093532,-0.1681571194762684,-0.07771850135658324,0.10466448121963742
2008-07-31,0.33749970823705155,-0.02313913357028795,-0.08246381689666779,-0.10816831518078075,0.01421104373302705,-0.03509183667767477,0.05463010863942059
2008-08-31,0.017546095133730042,-0.1356008016997411,-0.2022303140646336,-0.2187071041931056,-0.39165957594596,-0.0954871902762769,-0.017332384981095347
2008-09-30,-0.2696804511278196,-0.1924785850084378,-0.2932107460240223,-0.16700723859661276,-0.3240570896071411,0.2690421992645771,-0.25281582147956216
2008-10-31,-0.13498206012949698,-0.09128919214581055,-0.3653532053899551,-0.14993806771263418,-0.25314422105939594,0.2225283177178017,-0.13290245492070388
2008-11-30,-0.12440854010386612,-0.07483943366043502,-0.3839567688960629,-0.12460694104405741,-0.34349021013639236,0.2832644848558755,-0.12450913660401068
2008-12-31,-0.013636226506169488,-0.2180964215758546,-0.15343197862242253,-0.026589432277446284,-0.46951794603091435,0.41421369635405847,-0.11170153880216982
2009-01-31,-0.07559156207804857,-0.23041985496759096,-0.3623172943561293,-0.055657951454434654,-0.42311255475621334,0.42591449901358386,-0.3985345946948618
2009-02-28,-0.121671097938369,-0.17417179397619495,-0.33029256339857704,-0.06040035230043798,-0.3284708833708857,0.2634193459362495,-0.4331628926223521
2009-03-31,0.17863699670802735,-0.39842990016212987,-0.15994633403437522,0.021694571089230296,-0.39655611595088897,-0.12352657067891969,-0.06648258283772303
2009-04-30,0.239541925577257,-0.11379172880154734,-0.1815767145017892,-0.019089804037129808,-0.27032798489853704,-0.06046161565479177,0.25881518268889675
2009-05-31,0.36061841243044523,0.12892695033875187,0.16842052136169783,0.1118278952618096,-0.26533952334089256,0.0828180257688251,0.5062411634013331
2009-06-30,0.38275575391616345,0.1151286381245654,0.3261731860621224,0.1498333637890377,-0.044326509436001645,-0.014249550873754695,0.7447982478308482
2009-07-31,0.4206723794417471,0.3158775523510427,0.37976040522070054,0.14878184725053903,-0.08729771091791215,0.26808900263654317,0.774149479992949
2009-08-31,0.4523329992224897,0.4035909288172542,0.3636245562386354,0.14124258653255709,-0.07149407017972857,0.13464739884393065,0.7246551389158733
2009-09-30,0.4575347721822542,0.2564106174751813,0.3863027535022617,0.24113320356794188,-0.48700168015885137,0.3760689493276099,0.7361625168236877
2009-10-31,0.45852334795651195,0.35584884829628144,0.3519515610516143,0.19945023604655396,-0.3279699483487244,0.15222167226752112,0.6202228642179117
2009-11-30,0.36680531465234156,0.2765928801427113,0.4083716464484204,0.1062335331408125,-0.1277637130801688,0.39223866558448944,0.5353297287305329
2009-12-31,0.37100492560808407,0.3953161916624653,-0.18539163358136354,-0.234453909761918,-0.34761534106991226,-0.15651616833128537,0.4660456253638914
2010-01-31,0.40151682954273615,0.2824514363885089,0.16742479823917827,-0.21374974321270637,-0.3139982653946227,-0.03627972191388678,0.3951026119402985
2010-02-28,0.3599704579025111,0.2824334933269733,-0.1942211553284736,-0.3435584293485039,-0.502645756398574,0.013968548393657612,0.31641997920895004
2010-03-31,0.485523229352659,0.4620693735087062,-0.23117709437963946,-0.3816795941920073,-0.5049993223810025,-0.2820951040514728,0.3386805109957417
2010-04-30,0.4703286064126659,0.41055266972279825,-0.2760809604932262,-0.3735364963197341,-0.4560402432615061,-0.3612788503411235,0.5922374638711749
2010-05-31,0.18336103988804672,0.19464783679326822,-0.26200610427091336,-0.37854209372761255,-0.4965148268655927,-0.07272908097663548,0.4314189189189189
2010-06-30,0.21546507534740264,0.1796723980059009,-0.299906629318394,-0.32633154966511924,-0.2868113467455231,0.22764018458882507,0.19301242236024846
2010-07-31,0.4534450547606529,0.28040084115553154,0.11155378486055777,-0.09190199532285642,-0.14636534225340622,0.24014607327741883,0.5966228893058161
2010-08-31,0.42764962563086323,-0.04410988583650454,0.2354463770505317,-0.106036917385841,-0.10586978834364337,0.3588176504001323,0.3461366237126225
2010-09-30,0.5051581593362684,0.27523207584436105,0.37403651874579064,0.1859092081099143,-0.028232084721989886,0.24236941339601265,0.6651261313306374
2010-10-31,0.4290106639682416,0.19434041596182616,0.25003994567388355,0.1937083638207008,0.05875697082356744,0.3083947086163747,0.5932197054646035
2010-11-30,0.22713167720925476,0.19108184946880144,0.17944954128440366,-0.03554160741430883,-0.0568310607919427,0.22549203796526615,0.6689029918404352
2010-12-31,0.518656505786057,0.3072432279660493,0.3020536715851238,-0.16313642860663413,-0.15973752450055392,0.27108273963582485,0.32343563172578715
2011-01-31,0.4002641542660914,0.26903536077490053,0.16293550778354338,0.11467357014811773,0.08161576028474464,0.2761676995739793,0.32928737738081604
2011-02-28,0.5270741417413296,0.4860820709764597,0.2797796544581275,0.21935930802572773,0.29092539628678077,-0.22372919623274415,0.2910887531440891
2011-03-31,0.6171828791529018,0.4301675508696528,0.3341618191433104,0.25955989861442774,0.007109639637915526,0.07025513812925271,0.017834489963435566
2011-04-30,0.5636587949926116,0.4251002238392388,0.24905423326586165,0.2742128514056225,0.28343432979423727,-0.32415406452065115,0.42090374724467305
2011-05-31,0.5107572637061497,0.21011666958473268,0.3118898882046284,0.08133994320643019,-0.016921867049081742,-0.0171793722440555,0.5086204108038169
2011-06-30,0.5000533139981234,-0.020171069727154614,0.19419446776114158,0.18005414669825223,-0.17916495791590994,0.14448592580022485,0.6193174153514097
2011-07-31,0.5998497392534103,0.28058257703385686,0.1471978771513464,0.09275409657575262,0.01254426936303444,0.3692597817637405,0.710243039673101
2011-08-31,0.395111052045783,0.12998312149724442,0.20502128780230874,-0.0021433116397450353,0.004617112432927083,0.3265333629328936,0.6168081620494489
2011-09-30,0.06256962945023008,-0.23854851066793584,0.10483068805950785,-0.38328871786291896,-0.41381673368588456,0.3366048420449846,0.4029154763905226
2011-10-31,0.18192499369164775,-0.14912594540174895,-0.04343430696465321,-0.324514153384173,-0.2923000699463744,0.3277400734228577,0.37361702127659574
2011-11-30,0.10052901571016351,-0.1875920715487569,-0.25056415215989686,-0.37584816457726,-0.24464158382618179,0.2438491932234377,0.13148495243484104
2011-12-31,0.2934718100890208,-0.18370320461531983,-0.30211801572423824,-0.4632927810102093,-0.15930624348101508,0.1703795348416153,0.1380021608879285
2012-01-31,0.519894747360357,-0.1627316173388111,-0.27480654324615533,-0.5159893622596028,-0.13735466258665227,0.32762896968785954,0.46785974009548803
2012-02-29,0.4850606938388155,0.16462472446595827,-0.3703399541634836,-0.4042804166881695,-0.13135653107951495,-0.008111388308273211,0.6289712449159532
2012-03-31,0.4042395825558277,0.193580218722731,-0.35228227387286476,-0.3722300643986536,-0.08220678224451893,-0.46476559654150945,0.19676989183582752
2012-04-30,0.3137611677877047,0.327830450929955,-0.41441912588718716,-0.39471127900701564,0.04346822943103687,-0.4061655380859659,0.49597406671546584
2012-05-31,-0.24910949683065015,0.26917852573721035,-0.42556506015717366,-0.5160721534402273,0.008129633201973158,-0.08053509994029172,-0.24276324989511958
2012-06-30,-0.017641194927441494,0.09681593805115789,-0.45447785383339373,-0.5062938391627215,-0.006616562355426367,0.03685282400382971,0.034696705017770016
2012-07-31,0.2576852274771969,0.1231574365366732,-0.31590970169309324,-0.4463003634775684,-0.016340164304414553,0.2238384399181096,0.41442704369768096
2012-08-31,0.4095451421856886,0.37191928809462776,-0.20678021145310865,-0.3255942935000401,0.016815626228275544,0.1442413211637804,0.4535283993115318
2012-09-30,0.500665228134119,0.5014900079022784,-0.024217745392198887,-0.23006644898632095,0.15767883186231502,0.153320454347384,0.6089303687437094
2012-10-31,0.2977302994450065,0.4716543919525777,0.06294059748344019,-0.2627435402033188,0.14277347682058603,-0.25160566826383934,0.5398130238555771
2012-11-30,0.3908304498269896,0.3658656750558661,-0.07872892650875675,-0.31723222694711606,0.06517396845929956,-0.3818094460193148,0.5865019905332122
2012-12-31,0.4673448638610225,0.48034565418551955,0.23177633414371687,0.024690763361720165,0.20785912203164716,-0.41368839656377165,0.49468593437780545
2013-01-31,0.4648106066798542,0.24189419500852152,0.10741105184111037,0.11549845284541908,0.06396483198843791,-0.3243836364878093,0.6148816234498309
2013-02-28,0.16328488907811875,-0.10941177071156193,-0.17207260199151297,-0.04074303781547229,-0.17608671283683347,-0.30206681675087715,0.6176058909444986
2013-03-31,0.4230274548602523,-0.38946949585631063,-0.24605143721633888,-0.24035895954606207,-0.31008311746398554,-0.40357905982905984,0.48439379187904474
2013-04-30,0.1902059715389358,-0.42018170220408363,-0.16244692561723542,-0.1354293004159592,-0.30995219056080897,-0.3590350620374951,0.6237787464301818
2013-05-31,-0.20239968999220195,-0.23049922266367248,-0.4137970434906806,-0.32036395016123415,-0.33628594119452015,-0.4318779976797742,0.47693774040916365
2013-06-30,-0.35425143093579753,-0.0968684835957348,0.07827937859389396,0.08200764466031345,-0.15719001310658404,-0.3813725490196078,-0.06112448418156809
2013-07-31,-0.36602747740477726,-0.1030043691725598,-0.036980556614563474,-0.03814188386101356,-0.3380120955342194,-0.4696863991948397,-0.04278778902328643
2013-08-31,-0.38098937127673255,-0.18711017152452922,0.00964445084209011,0.16118018916484364,-0.2559868209578913,-0.44623208875321774,0.02066759616173214
2013-09-30,-0.27533172020053454,-0.04744031298067278,0.14539886616724032,0.2587556589537223,0.007170823178739181,-0.5307160990782883,0.41052953468222825
2013-10-31,-0.17975560428661091,-0.13117590846871044,0.20932273101179052,0.24959794714462946,0.0572742592728277,-0.4105285320455039,0.4508996774741131
2013-11-30,-0.30008148791561073,-0.22228916127935985,0.10966266707526932,-0.001773304971425515,0.0018233283436624185,-0.5204699361674264,0.48993737750370475
2013-12-31,-0.47816708447501893,-0.38886987794977085,0.21292946674749214,0.12636375278327433,0.11011378246957261,-0.5823145656152439,0.3577448261147856
2014-01-31,-0.4817483470892645,-0.39938555090513567,-0.010790574763268003,0.055011714001970864,0.10136327478535966,-0.4245618528771415,0.4443475867131584
2014-02-28,-0.3952738663665947,-0.41401507924730957,0.006490563301122251,0.04681332596893481,0.1120539066360096,-0.41763398006311875,0.4959804895673381
2014-03-31,-0.24369598252445626,-0.24927577563303965,0.312947437332376,0.1511715278492938,0.14706478984736412,-0.4352223907000253,0.5561561011359473
2014-04-30,0.09738570414976258,-0.245126993502658,0.28894652496626183,0.09477929396165957,0.18740838029064102,-0.4167278758440943,0.6189296001071739
2014-05-31,0.14520932022466762,-0.16778342782850855,-0.08019219617264518,-0.060693082674392725,0.14806240563663814,-0.362584449084879,0.5854677150967406
2014-06-30,0.3280750602952999,-0.051553884468907775,-0.15988571088425252,-0.19743926055129032,0.1955859401106267,-0.4804022744288634,0.19583001750756007
2014-07-31,0.37071773559474336,0.18505288739917958,-0.26723002135295987,-0.30284561388760456,0.1049235292383251,-0.4243017246385227,0.5007697094756149
2014-08-31,0.388966694181916,0.05222194557409098,-0.24253641115306634,-0.3741088478280843,0.06625827318097115,-0.47195757973294683,0.5013336720436936
2014-09-30,-0.017022820876375667,-0.0510875402792696,-0.21943973577058176,-0.3354382832584527,0.02711359910553075,-0.504758285764395,0.0035147454555439616
2014-10-31,-0.2819248611238351,-0.2155393770957315,-0.3558046521418798,-0.37543869188819334,-0.04505232184969097,-0.3660601781446882,-0.17699677609771602
2014-11-30,-0.34712773998488283,-0.15959098766517243,-0.3837672231597228,-0.35475212694401287,-0.17857101263611483,-0.4109837149966926,-0.10874099355328025
2014-12-31,-0.3382509391934572,-0.14421219221441198,-0.285499818812445,-0.39404858980830715,-0.13435890296533481,-0.4250073909340817,-0.10215262022024238
2015-01-31,-0.3896115268269384,-0.21259248744654802,-0.1716407486730608,-0.4107945726953745,-0.24461828972214728,-0.3191868530046255,-0.14296319449871064
2015-02-28,-0.4517291942348271,-0.30712457843984614,-0.14626779807277435,-0.4121729894693391,-0.12881072421429582,-0.23469901895889111,-0.15844555035128804
2015-03-31,-0.17616085635758716,-0.26816482113592943,0.020674104658994406,-0.49279384703727713,-0.20069693283802886,-0.13479980617315948,0.16761611709426588
2015-04-30,-0.1953342171663174,-0.1621632102250694,0.04226689884438816,-0.4328250740284383,-0.19876760358303533,-0.029205812451150847,0.3626518471019914
2015-05-31,0.044444444444444446,0.060151917839682385,0.2737250262881178,-0.39761348561215204,-0.14445380860534965,-0.2471717300114402,-0.1784035912183489
2015-06-30,-0.10157628563950592,-0.2554549712953582,0.31925298062593144,-0.2890224347398986,-0.07033123315308164,-0.3103057311801712,-0.37141668207878675
2015-07-31,-0.30522250472965645,-0.3458406839462614,0.0038312992430094236,-0.29057383919092583,-0.05648172191927061,-0.2580024282390394,-0.34051804625603543
2015-08-31,-0.36545321084081706,-0.35370426314573594,-0.33236590063586713,-0.176218808086896,0.018642420406640974,-0.14996275791106436,-0.18152694610778444
2015-09-30,-0.34202661179122135,-0.3029096829256048,-0.0710193831907714,-0.27162781473780756,-0.013136868586390795,-0.1262299867771055,-0.089781556956458
2015-10-31,-0.2578009758311585,-0.1537616470683973,0.03898265414922113,-0.27836053856907117,0.026939844773318216,-0.1789763131227833,0.1760703147150553
2015-11-30,-0.3745125667660648,-0.26865495123206856,-0.3044622660908904,-0.3946777741292682,-0.18711062126573466,-0.31245227523402813,0.11424826918145817
2015-12-31,-0.178713304948357,-0.3531315173379343,0.0725658671661848,-0.4008769104387798,-0.1520403062174693,-0.08751936999872983,-0.005938097368528084
2016-01-31,-0.2614407218754733,-0.4043754538852578,-0.08085251553129601,-0.31627662986323646,-0.17425714264767336,0.199536518142403,-0.17741564543154714
2016-02-29,0.08010809363653096,-0.23391442556721398,-0.04851791462853798,-0.11087160218066178,-0.12856220889998213,0.2051395761366819,-0.20280213379115825
2016-03-31,0.19609743868299,-0.061128201070238086,0.13053004129097498,-0.19331394468175347,-0.15982814521409977,0.3667561297979662,0.06634097989238176
2016-04-30,0.38239468732137466,0.09909976874793525,0.21616892207186186,-0.11659905937683715,-0.19960300046343954,0.3940225281008728,0.21853265855751872
2016-05-31,-0.041501304002721395,0.20755149464898276,0.002256230870135549,-0.10571680451908877,-0.13480928247532675,0.09480571760841923,0.12339700475293695
2016-06-30,-0.027776196710114408,0.06946908455320079,0.306052327710029,-0.18363165744070828,-0.20678186017012748,0.4174905846265643,-0.0650223183470618
2016-07-31,0.3298785594639866,0.19630925058647178,0.018366435630108528,-0.2814753709050458,-0.3478268377337639,0.21866653322407723,0.005398618957940992
2016-08-31,0.38682297346419486,0.17817938846288459,0.1940700808625337,-0.2245486414704407,-0.3723078781047462,0.3873996677397173,0.04071317962835513
2016-09-30,0.15259631320474626,-0.1104822600589746,-0.15283943647514692,-0.2314530122682578,-0.36696579855663636,0.44397757298446866,-0.13746559818682208
2016-10-31,0.25623675592371414,-0.1173910362023242,-0.27822826620642455,-0.2761739332086133,-0.3138766355140187,0.27352183513248285,-0.008887572211524218
2016-11-30,0.2260757936978824,-0.16235491539644806,-0.3628582505740956,-0.2666428140164136,-0.3198884781193579,-0.0013305568058722566,-0.03752631051418262
2016-12-31,-0.01598712559951721,-0.017143715401450457,-0.18479992674663492,-0.17109009295480931,-0.2687112926604296,-0.39668008552814543,-0.25426431840244074
2017-01-31,0.11887201735357918,0.030383114269212596,-0.34585737923241455,-0.11272103190552867,-0.2915011089613515,-0.2852455328762702,-0.01981119274235757
2017-02-28,0.36582014459461365,0.2221615156303067,-0.25351387309285206,-0.11853533656909195,-0.3114879100148976,-0.24445997595331423,0.051434275506987495
2017-03-31,0.39530731576676437,-0.23185893064035037,-0.38913683410882155,-0.019378603067606207,-0.4213818652954633,-0.26921363558129413,-0.33278874278637116
2017-04-30,0.3933529232951667,-0.25764936194895594,-0.36937417345676377,-0.05083867388797244,-0.34840721253596524,-0.13159531587479614,-0.35051311807404373
2017-05-31,0.023703898352242868,-0.49026578720047137,-0.3402753524621804,0.16075935404165195,-0.11671829915879058,-0.244587721719764,-0.12530823699748886
2017-06-30,0.21954798617055574,-0.34419811123937744,-0.12495985440530992,0.14653235470341522,-0.20837704141129612,-0.333959336980485,0.43941557536918363
2017-07-31,0.42461492110119387,0.15007612925054983,-0.03444061770914343,0.20228196826443043,-0.1305281514698555,-0.5166666666666667,0.6374191894218266
2017-08-31,0.4171573330323495,0.27720309909383833,-0.04226590914493546,0.1843548039982357,-0.2301244024264499,-0.3264757730239649,0.4299826214213848
2017-09-30,0.5008954526578073,0.4101136257441744,-0.046825097447504085,0.20546432042059048,0.0258504723567713,-0.3445100605030493,0.22423010525143397
2017-10-31,0.3909726588837794,0.3671338436734331,-0.27665725336938046,0.16371394056096497,0.00672525834175116,-0.4280390052789641,-0.11503729086877645
2017-11-30,0.28843143800304144,0.31432564351459824,-0.37946293875088,0.18096863958221088,0.025657857824159795,-0.4524487192069879,-0.22889324191968657
2017-12-31,-0.12340194526125312,0.14881733714256298,-0.17025289327046722,0.18513131248191841,0.06657807797555583,-0.49944929182370457,-0.372434824964527
2018-01-31,0.09379903569085048,0.18920569228420714,-0.28003637014892474,0.24648195406489246,0.1350221201293177,-0.4407367130730834,0.06220533137335747
2018-02-28,0.08601512946292203,0.15287132527467992,-0.23180909328001392,0.24314713029748194,0.0644294688517264,-0.3674020968122068,-0.01695669284602091
2018-03-31,0.07704419019628425,-0.21204377273297378,-0.21153889224842662,0.27441741935107355,0.19314257941643542,-0.0226366654735309,0.3903227187125492
2018-04-30,-0.02768967344775572,-0.20882680265103068,-0.14400597149456368,0.26427793764696833,0.2032628681470521,0.0037555479685899623,0.4411663807890223
2018-05-31,-0.14896809063107075,-0.10637648733855384,-0.40517772180240696,0.1684686854347027,0.046054485902283046,-0.04690117252931323,0.02240775394654767
2018-06-30,-0.2973837947675895,-0.20598117224444681,-0.4092303057041094,0.0704304057268329,-0.12722920830311926,-0.22284229582068948,-0.3900413094656421
2018-07-31,-0.37484798834880756,-0.22508609441509272,-0.48762335481179814,0.04567548692170231,-0.24901206541388154,-0.3465019284694735,-0.4570016983171221
2018-08-31,-0.3157756961738737,-0.16785731214322958,-0.5241431014689689,-0.013643304782999827,-0.29561768910340164,-0.24876000907705773,-0.4385125723920534
2018-09-30,-0.45389610798621827,-0.1687765171481158,-0.2982365049047787,0.0077341430188687145,-0.2980158342293031,-0.393353948443652,-0.5585675685159841
2018-10-31,-0.4271536034942975,-0.0814712930772606,-0.19149469242434233,-0.0647467182599939,-0.22491739486326762,-0.4510789560490958,-0.5866070531498041
2018-11-30,-0.39403929939471916,-0.059467206901779195,-0.26677472047408607,-0.10227614615176041,-0.1717896399657737,-0.4502332647133714,-0.3790786948176583
2018-12-31,-0.21474662658868887,-0.297641154623666,-0.37693784142920417,-0.09219227409454017,-0.2678684049512872,-0.40986661980168715,0.06619433198380567
2019-01-31,-0.26352632226826966,-0.37308297937093937,-0.2781367300473817,-0.08809886241495599,-0.17027905716607966,-0.16280466369814858,-0.08887766696124227
2019-02-28,-0.2738885227812601,-0.26538907066067835,-0.33674296265791676,-0.13712772722455221,-0.1943087620320194,-0.21301260219813276,0.02581410455559635
2019-03-31,-0.3797710193741951,-0.27420640145241876,-0.3762803457450475,-0.16490825876533471,-0.06003203760571361,-0.39531006395367335,-0.00473733583489681
2019-04-30,-0.36911114308413145,-0.30242939863487855,-0.3869278246140067,-0.20377846640987768,-0.02885685319354121,-0.4898560418644226,-0.23261478504445257
2019-05-31,-0.3688704928051558,-0.2806926357610236,-0.40479803875788,-0.18571417926296296,-0.14956294114897398,-0.3273278756110489,-0.2606155484901793
2019-06-30,-0.402571308903066,-0.10753000879724886,-0.29567635450304985,-0.10786404474360374,-0.2839748871318233,-0.0727701719031261,-0.38903085980461927
2019-07-31,-0.32788916975482857,0.11903900744199301,-0.25063575815240896,-0.09588045980277927,-0.3266493709780277,-0.030379856239466443,-0.23168208831715942
2019-08-31,-0.36821275158067474,0.06861899937704898,-0.0687770357097609,-0.07390323102853932,-0.3253352822949023,0.21288847220990487,-0.4027554428500742
2019-09-30,-0.2931212392461087,0.037328174154791616,-0.18533740822706993,-0.12081287354858221,-0.3422342331657355,0.09000464703645811,-0.527452913125716
2019-10-31,-0.2625518104324705,0.22945081091324465,-0.18998052106160215,-0.0990169751339434,-0.1511851347443635,-0.12048738118248657,-0.5574519164436105
2019-11-30,-0.24586520374476206,0.12156558111741858,-0.2712822369952663,-0.10617339441611202,-0.16388491851904957,-0.20107773725964223,-0.5057312252964427
2019-12-31,-0.23334043394905815,0.06781619664590757,-0.10312713910004684,-0.13333393114951084,0.05993210306406685,-0.1446109529851514,-0.10376661742983752
2020-01-31,-0.17559867535301588,0.18647000792457102,0.06798211508553655,-0.09830108234398198,0.08706544797680749,-0.19481502711998228,0.04430107526881721
2020-02-29,-0.20556524347940222,0.08662532060964702,0.010770737166037207,-0.1822694117139281,0.14006180171398017,-0.2518445405173646,-0.26289491758241756
2020-03-31,-0.24174314027881694,-0.1784426849809994,0.16680716188420946,0.1345658919224579,0.030219214893539757,0.15200798204040908,-0.41145513999591254
2020-04-30,-0.29219894396184637,-0.24684684684684685,0.15349887133182843,0.1461816754176436,-0.041020949480560946,0.22474362985365176,-0.33389875687595416
2020-05-31,-0.29607069821793747,-0.2614883441535938,0.22366400491400493,0.13510935807697905,-0.1179803869599788,0.22066991015577675,-0.3293991416309013
2020-06-30,-0.028889904428858113,-0.1736000067683613,0.10478260869565217,0.17068917338521883,-0.11276216262678357,0.1737088860092311,0.011541578862052197
2020-07-31,-0.04408789430164846,-0.0896432491373559,0.16297611923010097,0.23205761710839293,-0.14201954033267752,0.16742331252312517,-0.023380001106745613
2020-08-31,-0.030579192972824597,-0.22629421798899327,0.2235283036639352,0.3007511962470014,0.03193376025729487,0.1600509647380941,0.11418288892524128
2020-09-30,0.06957679372197309,-0.16641197238762712,0.26729744471950656,0.28680066838234397,-0.08013253777137863,0.15659705113141037,0.09267043398379868
2020-10-31,0.06819524244214144,-0.14761893090855616,0.2939793306153409,0.24428450731652163,-0.04757686592753457,0.10073639526635214,0.1731950084183421
2020-11-30,-0.040119819662284936,-0.11962534529160719,0.2974120822418036,0.21448540568382446,-0.1198254032652947,0.22418566820610242,0.15212298682284042
2020-12-31,-0.047039599736821175,0.09949243836751606,0.2249255782001374,0.21302388322367685,0.03454636448130407,0.24350231931459368,0.2615882291557967
2021-01-31,0.005388857436413579,0.08152946191739295,0.208784161201564,0.24407468203450677,0.05153405194166591,0.2321305115002425,0.31531493034783353
2021-02-28,-0.011262486145627526,0.05472589112352278,0.2174068903060262,0.19853899178667156,0.17529325886566963,0.15619355296403215,0.30386442365533406
2021-03-31,0.08929260567226126,0.039695735053197644,0.09981295300444237,0.11430258819663287,0.17856044184033368,-0.3581229566924156,0.10993071593533488
2021-04-30,-0.010018758526603002,0.08697191474296209,-0.01682073412941667,0.1204736992465093,0.18119577553007424,-0.3131754619288029,0.15824679152872886
2021-05-31,-0.006001928926478225,0.21020658986002178,-0.027641828082994417,0.14089506298280266,0.18101575230852798,-0.3273975821823024,0.19403322409311788
2021-06-30,-0.12670662433621388,0.23257738869028274,0.25923062505857,0.1249539376993942,0.1047272942149737,-0.35715745689787326,0.075546527374734
2021-07-31,-0.23443160152526216,0.030761129014716573,0.18955430510896748,0.05623237483923493,-0.030662502090379937,-0.3056266636750263,0.032329988851727984
2021-08-31,-0.32994661804441905,-0.016709790599569348,0.09231305155596842,0.014857256314617578,-0.07680016493995155,-0.32541404852602335,-0.04433079344045056
2021-09-30,-0.47759980980709793,-0.1713871902156421,-0.19804806344648412,0.0013052583049304935,0.011433694468862976,-0.2948487966563163,0.30427939298547796
2021-10-31,-0.47025516995706546,0.020818310079949835,-0.3568548015836479,-0.016543842063335753,0.09554937857439535,-0.40352266129822734,0.20682287917140801
2021-11-30,-0.3969927864502107,-0.09486099410278012,-0.2805927625981837,-0.03294542598690972,-0.16881561302474146,-0.3639543684123087,0.21482125174302286
2021-12-31,-0.4463014326897877,-0.07451042597986907,-0.2671352375255471,-0.009853358147437964,-0.24695439628392524,-0.2605414740891205,-0.20116095743156084
2022-01-31,-0.4382328175981476,0.08410493827160494,-0.22132756277993054,0.04621115393175509,-0.04264447374203472,-0.34510943739574385,-0.20205941931127616
2022-02-28,-0.4366000446569979,0.06594918213891166,-0.23209193265594963,0.08512635607063194,-0.03082629760723402,-0.32542269878301894,-0.20395155025072392
2022-03-31,-0.34687812484703545,-0.010412356448538539,-0.2612177679518127,0.03226678139836809,-0.17859291779020792,-0.42608198649967877,-0.02485593876322353
2022-04-30,-0.18798694676728533,0.1344022347807057,-0.2720891388460156,0.032247849877042455,-0.2552164286342708,-0.40141599613437257,0.001419049666738336
2022-05-31,-0.31681428599319283,-0.051548970418380184,-0.412634381492164,0.07400643054039475,-0.2930429727816641,-0.3950100384808432,-0.3396089527333406
2022-06-30,-0.3072392076688279,0.06380098748807721,-0.21411659148119533,-0.01578025591536207,-0.23222404868494684,-0.24592196176210546,-0.13166571633983687
2022-07-31,-0.30283179845724184,0.10936871454134357,-0.2563235861255416,-0.059910762009453986,-0.2390111957642913,-0.2682194756979133,-0.0900776828559747
2022-08-31,-0.3390678631983789,0.15287200075870136,-0.047956241519674356,-0.06620921812962709,-0.11133417810415108,-0.1681212808160952,-0.07039841355687759
2022-09-30,-0.22752969448657592,-0.12538949101775157,-0.12878719769846264,0.051666151997578506,-0.16473802806905485,-0.3374384337127792,-0.25355879752431476
2022-10-31,-0.3081318391720222,-0.12658889810831353,-0.24252049620122762,0.11235468015760763,-0.18459738424290165,-0.37644581561792684,-0.2545239035954168
2022-11-30,-0.28002610146946255,-0.11793288158414682,-0.34446324951644103,0.1756987881157154,-0.16224942345219087,-0.29516309870011564,-0.10944131658726722
2022-12-31,-0.2847710824722319,-0.21369108606557377,-0.13838732370774848,0.20066530566855256,-0.055705075726565696,-0.21792117179558265,0.20585956127801622
2023-01-31,-0.2244394882028407,-0.21534312641349249,-0.2168209675316208,0.188906516320296,-0.09340023353882711,-0.11902219057790435,0.24246104027524792
2023-02-28,-0.19075473038577215,-0.21850185042732453,-0.1170965206830035,0.20174933423553074,-0.11187188773200543,-0.29332106954865605,0.1777233414987752
2023-03-31,-0.23375738901598805,-0.32184708794227423,-0.1742598117971081,0.19798472640497142,-0.12049952968959514,-0.31848731066305547,-0.20668521934898845
2023-04-30,-0.22075778850618438,-0.28850486869671776,-0.08759823653440675,0.21917964191170192,0.02520438907737864,-0.37352546443455537,-0.08884517662486681
2023-05-31,-0.21528763728087508,-0.1663080763436018,-0.010518934081346423,0.2137995360850012,0.055076757899467754,-0.39547026151449,-0.003290556103981573
2023-06-30,-0.28917005904573295,-0.01696682916363723,-0.13232028679204902,0.19809239704257345,0.22609035961212332,-0.44874445380957684,-0.024183691286886678
2023-07-31,-0.3496786707006413,0.03535918667476582,-0.19083295608872794,0.22945127445598698,0.2485674559703379,-0.34747944225956384,-0.025774035850081478
2023-08-31,-0.314042301858257,-0.08902105643667255,-0.1044817538504232,0.1960616312471011,0.2117130909472653,-0.40119045678992227,-0.18326651005881625
2023-09-30,-0.4097327757902984,-0.18593330603703198,-0.1691094619666048,0.14071654623171845,0.06877103970716678,-0.38294390399127193,-0.29909175089150264
2023-10-31,-0.3815285524163644,-0.24848887814313347,-0.26458218728372934,0.12286858849836393,-0.088573031118609,-0.37453475287804033,-0.22222414869269713
2023-11-30,-0.3614205315321259,-0.3148498486538155,-0.3354718166636353,0.19688834856657195,-0.03632022523600096,-0.4188840444664297,-0.3810532452390206
2023-12-31,-0.3358955052869349,-0.19677306009566342,-0.07295328448604464,0.1663640988794363,0.08046226404321163,-0.2947279091969874,-0.10503852653891324
2024-01-31,-0.35216968422833184,-0.014983435398052405,-0.08170269761212147,0.12207065359387247,0.17766830186912486,-0.3324188423701292,-0.028124070418345547
2024-02-29,-0.38623946300343426,-0.008277071670550924,-0.18373794224546444,0.087840736781055,0.2198854042157588,-0.4285880380967145,0.2075191383117017
2024-03-31,-0.48155556164433605,-0.26330532212885155,-0.27303007705692267,0.04745778183477864,0.17315825492715733,-0.42232769928786623,-0.11277519844241425
2024-04-30,-0.37063671946315896,-0.2987450072085273,-0.422396538827002,-0.01038943916651464,-0.12304231569118458,-0.5028789181957186,-0.1453979697675605
2024-05-31,-0.2577267423248898,-0.3274760685473958,-0.4419760711688467,0.08659214516051403,0.09451942146761476,-0.47977898785786105,0.03556714471968709
2024-06-30,-0.1307553390658913,-0.4396398467157741,-0.4163341408959194,-0.012969033375532813,0.21207817156723496,-0.5111143114946346,0.4404000330605835
2024-07-31,-0.15239103822163497,-0.5577935291710245,-0.4038607780052647,0.026673200469354817,0.41507853169195025,-0.24232148335318043,-0.1494700155916303
2024-08-31,-0.09352697095435684,-0.37157690995504,-0.3578990228013029,0.1277846828506894,0.32795798916908264,0.08127971243546922,-0.12772623947901948
2024-09-30,-0.06374899400369527,-0.30769266855566607,-0.3178552596889006,0.10551364651795253,0.34569883286109976,0.3178159093316386,-0.026444182461231522
2024-10-31,0.14956217353256113,-0.5076573368288654,-0.4305015638256113,-0.07602523897683908,0.29952829124066177,-0.1098612623619928,-0.037349189934505346
2024-11-30,0.17126872308430305,-0.4776440667452391,-0.4586820809248555,-0.08415407938962036,0.09049535267001865,-0.08925881230133377,-0.30861634662852366
2024-12-31,-0.39049717835425873,-0.4967909388553689,-0.36815178000426346,-0.11419678606078217,0.11030871616219907,-0.04079315459653768,-0.5482553191489362
2025-01-31,-0.37409835894818527,-0.4457776744214141,-0.4420957394308274,-0.10761534832317565,-0.10478626445090199,-0.004423676587264978,-0.5600995605521085
2025-02-28,-0.24509197670604557,-0.4316401298307005,-0.4060589845438268,-0.03859969272063691,0.022262904802761538,0.2915676851384931,-0.5946391798232988
2025-03-31,-0.43004769916762453,-0.46076848103697277,-0.4384994925989432,0.09738064276425785,0.23159111352843964,0.4127224486302497,-0.5052510027956728
2025-04-30,-0.27024847947014136,-0.2696213145468332,-0.3379338142295237,0.10380136179630026,0.12458400931819127,0.4893213850799736,-0.34122869599682915
2025-05-31,-0.3412310644088972,-0.3947012521274009,-0.3453870237595045,0.10450628623576705,0.17428937386078133,0.435032399585158,-0.4114947183692754
2025-06-30,-0.48044123099740454,-0.26425738342097677,-0.30140455906055724,0.1457303696399325,0.19119167528266018,0.4202378267099156,0.06264558880068752
2025-07-31,-0.48906563126252506,-0.3786586211679845,-0.31251544112866525,0.14888055063078023,-0.05786058235800634,0.27116053659055345,-0.04488376585742804
2025-08-31,-0.526079066142976,-0.4622545998767497,-0.3417835379372379,0.14608977517617236,-0.14257455458241247,0.23640749259862437,-0.11498474403887445
2025-09-30,-0.3846144687336286,-0.499206881190386,-0.36222376650451704,0.1387709497206704,-0.039279941349491664,0.20105589919891662,-0.300432622977087
2025-10-31,-0.4262898129569409,-0.5382744394618834,-0.37182669976775845,0.12721445698024336,-0.08166275723647619,0.21161021345867675,-0.3971197855739418
2025-11-30,-0.4368739555112675,-0.5369780659164906,-0.4562050858609968,0.11325818184445015,-0.2954238630961813,0.07699030253759945,-0.4858275797723456
2025-12-31,-0.09479723329341745,-0.1918397886073372,-0.4959158027018536,0.18116729887973454,-0.1694208762110784,0.04916611913382635,-0.5450902308700474
2026-01-31,0.02835095514867787,-0.0706237566240031,-0.4462860650705955,0.14373577697425388,-0.07200424130910323,-0.1128369346182239,-0.5580816345614363
2026-02-28,0.21167927236757983,0.12391153925647684,-0.42532142303919035,0.17212579571529057,-0.2321028423163109,0.031210020528993486,-0.4135071255751507
2026-03-31,0.30877929398928633,-0.15055853697860286,-0.37460496613995486,0.0006548382472033758,-0.21631801397349062,-0.21105434492985323,-0.4037567968363816
2026-04-30,0.25910877167682156,-0.15227225056296725,-0.37424955637491897,0.04456034837727562,-0.23001118971305023,-0.2737780996834594,-0.5545618886853667
2026-05-31,0.19866117132647737,-0.23119109631340118,-0.3327840597003618,0.035701459797336646,-0.21767323134738448,-0.2683562137544641,-0.3738924016015052
2026-06-30,-0.08200632885001181,-0.43522655122655124,-0.36783367323815996,0.0013910054222631746,-0.34618825873884135,-0.35342562524924515,-0.5735468725924717
2026-07-31,-0.173919855168332,-0.47338279003455525,-0.2989306675957441,-0.08837090726342574,-0.2423623731424768,-0.37794831230947856,-0.4534282018111255
2026-08-31,-0.13313627188490174,-0.3687580414148035,-0.18312018581934028,-0.04441164828398434,-0.13980682517552784,-0.16474587211360275,-0.16005350478845376
2026-09-30,-0.15274333742267235,-0.17104649854541362,-0.2003970186149294,-0.06369076378045709,-0.3371154435031132,0.19007607584875666,-0.11225425885555895
