date,JPY,EUR,GBP,CHF,CAD,AUD,NZD
1971-01-31,0.002795482500279548,,2.4174,0.23275842003584482,0.9920634920634921,1.1236,1.1248
1971-02-28,0.0027967334153708467,,2.416,0.23218017181332712,0.99304865938431,1.123,1.1241
1971-03-31,0.0027978288847854064,,2.4168,0.23280718908599898,0.9919650828290845,1.1234,1.1245
1971-04-30,0.002797985450475658,,2.4193,0.2327800926464769,0.9909820632246555,1.1245,1.1257
1971-05-31,0.002797985450475658,,2.4178,0.24355789371133515,0.99000099000099,1.1238,1.125
1971-06-30,0.002797985450475658,,2.4196,0.2439678938251726,0.9770395701025891,1.1246,1.1258
1971-07-31,0.002798063739891995,,2.4184,0.24472615143654253,0.9815469179426777,1.1241,1.1252
1971-08-31,0.0029424746211563924,,2.4535,0.250400641025641,0.9859988168014199,1.1406,1.1417
1971-09-30,0.002981959147159684,,2.4847,0.2529020510356339,0.9907856930545922,1.1549,1.156
1971-10-31,0.0030349013657056147,,2.4914,0.250457084178626,0.9964129135113591,1.158,1.1592
1971-11-30,0.0030539946249694603,,2.4937,0.2528125395019593,0.9964129135113591,1.1591,1.1603
1971-12-31,0.0031745023967493097,,2.552,0.25544741614938565,0.9976057462090983,1.1887,1.1913
1972-01-31,0.0032199896960329725,,2.5937,0.2580978190734288,0.994431185361973,1.191,1.195
1972-02-29,0.0032959789057350037,,2.6059,0.2584981258885873,0.998801438274071,1.191,1.195
1972-03-31,0.0032860147213459516,,2.6163,0.26070180927055636,1.0023053021950485,1.191,1.198
1972-04-30,0.003279979008134348,,2.611,0.2587522964266308,1.0076582023377672,1.191,1.1925
1972-05-31,0.0032820243526206967,,2.613,0.26019983347210657,1.019160211985324,1.191,1.195
1972-06-30,0.003323031934336889,,2.441,0.2672010688042752,1.0146103896103895,1.191,1.19
1972-07-31,0.00331796011811938,,2.4498,0.26499894000423996,1.016880211511084,1.191,1.195
1972-08-31,0.0033210454651124172,,2.4483,0.2644243481939817,1.017087062652563,1.191,1.195
1972-09-30,0.0033210454651124172,,2.4195,0.26299871130631464,1.0167768174885612,1.191,1.194
1972-10-31,0.0033210454651124172,,2.3405,0.2631994525451387,1.017087062652563,1.191,1.194
1972-11-30,0.0033210454651124172,,2.3522,0.26482349514048886,1.0055304172951232,1.191,1.195
1972-12-31,0.0033149903865278786,,2.348,0.2652027475004641,1.004419445560466,1.2732,1.195
1973-01-31,0.00331796011811938,,2.3817,0.2761973153620947,0.9991008092716556,1.271,1.195
1973-02-28,0.0037640682049158727,,2.49,0.3194990255279721,1.0058338362502515,1.41,1.3208
1973-03-31,0.0037599639043465185,,2.4755,0.3082994203970897,1.0009008107296566,1.415,1.3275
1973-04-30,0.0037660528000602574,,2.489,0.30849915162733305,0.996810207336523,1.415,1.335
1973-05-31,0.0037780044580452603,,2.5661,0.32400207361327116,1.0049241282283188,1.415,1.3207
1973-06-30,0.003799969600243198,,2.581,0.34149506539630503,1.0015022533800702,1.4155,1.3205
1973-07-31,0.003795930762222897,,2.499,0.3520011264036045,0.9985022466300548,1.42,1.35
1973-08-31,0.0037680394890538455,,2.458,0.32950014827506674,0.994431185361973,1.416,1.35
1973-09-30,0.003765060240963855,,2.4135,0.33000033000033,0.9942334460131238,1.48,1.48
1973-10-31,0.0037460198539052258,,2.4385,0.32260145815859087,1.001001001001001,1.48,1.49
1973-11-30,0.0035700260611902465,,2.343,0.3120027456241615,0.9998000399920016,1.482,1.4725
1973-12-31,0.003567988011560281,,2.3225,0.30759766225776686,1.0040160642570282,1.4825,1.4225
1974-01-31,0.003347056264015798,,2.286,0.3072007864340133,1.0119409026512851,1.485,1.375
1974-02-28,0.003467045730333183,,2.3015,0.31920326864147086,1.0325245224574084,1.4875,1.425
1974-03-31,0.0036220073164547795,,2.393,0.33159797062041985,1.0279605263157894,1.485,1.445
1974-04-30,0.003576026319553712,,2.424,0.3410059676044331,1.0410160316468873,1.485,1.4575
1974-05-31,0.003546979746745646,,2.396,0.33560425546195927,1.0392849719393058,1.4825,1.45
1974-06-30,0.003518029903254178,,2.3905,0.33330000333300003,1.0284891494394734,1.485,1.445
1974-07-31,0.0033530042918454937,,2.387,0.33730225655209634,1.0212418300653596,1.4825,1.455
1974-08-31,0.0033009836931405558,,2.3162,0.33210454651124177,1.0124531740407006,1.48,1.425
1974-09-30,0.003351992759695639,,2.3325,0.3389945421878708,1.0143016533116949,1.31,1.298
1974-10-31,0.0033340001333600055,,2.3355,0.34839563808661117,1.015640869388584,1.308,1.2995
1974-11-30,0.00333000333000333,,2.3255,0.36870437283386176,1.0127607859023697,1.314,1.305
1974-12-31,0.003322038402763936,,2.347,0.3930045195519748,1.0086746015735324,1.3245,1.3105
1975-01-31,0.003356042554619592,,2.3825,0.4007052412245552,1.0005002501250624,1.336,1.324
1975-02-28,0.003491010647582475,,2.43,0.41609453667873336,1.0018032458425166,1.364,1.3485
1975-03-31,0.0034010135020236033,,2.406,0.3939955084512037,0.996512207274539,1.351,1.338
1975-04-30,0.0034219621530985865,,2.351,0.3908998514580565,0.9809691975671964,1.3385,1.322
1975-05-31,0.003429943405933802,,2.316,0.3996962308645429,0.9777082518576458,1.3405,1.3165
1975-06-30,0.003382034632034632,,2.1935,0.3996003996003996,0.9703085581214826,1.3235,1.2905
1975-07-31,0.003358973497699103,,2.154,0.37079609922503615,0.9691800736576855,1.3,1.2635
1975-08-31,0.003356042554619592,,2.11,0.37249497131788717,0.9686168151879117,1.277,1.062
1975-09-30,0.0033019646689780415,,2.043,0.36429872495446264,0.9754194303550527,1.2535,1.041
1975-10-31,0.0033140016570008283,,2.078,0.38099592334362026,0.9828009828009827,1.2685,1.053
1975-11-30,0.003299023489047242,,2.02,0.37359435125340906,0.9893153937475268,1.257,1.0405
1975-12-31,0.003276969458644645,,2.0235,0.38150465435678316,0.983477576711251,1.2545,1.0385
1976-01-31,0.003293048374880627,,2.0295,0.38430498443564814,0.9989012086704624,1.2563,1.0418
1976-02-29,0.003310052629836814,,2.0252,0.38930198154708606,1.0154346060113728,1.258,1.0425
1976-03-31,0.0033380065424928234,,1.9159,0.3939023909875133,1.015950421619425,1.2461,1.018
1976-04-30,0.003344034242910647,,1.84,0.39750367690901145,1.0215548064153641,1.2365,0.9995
1976-05-31,0.0033330000333300007,,1.7595,0.4064049418840933,1.0204081632653061,1.227,0.9825
1976-06-30,0.003356042554619592,,1.785,0.4051043143609479,1.0322047894302229,1.2331,0.9874
1976-07-31,0.0034099433949396443,,1.785,0.40290088638195,1.0254306808859721,1.2405,0.997
1976-08-31,0.0034560221185415585,,1.7775,0.403502400839285,1.0188487009679061,1.2437,0.9969
1976-09-30,0.0034860210555671756,,1.66,0.40899795501022496,1.0275380189066996,1.2348,0.9709
1976-10-31,0.003396969902846661,,1.588,0.41099831490690886,1.0285949393128986,1.228,0.95
1976-11-30,0.0033659833720421422,,1.651,0.40899795501022496,0.9658103148541626,1.0099,0.9013
1976-12-31,0.0034120376688958646,,1.701,0.40859687831984964,0.9906875371507826,1.089,0.945
1977-01-31,0.003467045730333183,,1.715,0.3989945337748873,0.9803921568627451,1.0868,0.951
1977-02-28,0.003535942859163396,,1.713,0.3914047516536851,0.9555661729574774,1.096,0.955
1977-03-31,0.0036029544226265538,,1.72,0.3930972129407603,0.9459842966606755,1.1028,0.96
1977-04-30,0.0035999712002303987,,1.7192,0.3972983710766786,0.9545628102329132,1.103,0.9595
1977-05-31,0.0036064627813040973,,1.7191,0.3992494111071186,0.9512032721392563,1.103,0.96
1977-06-30,0.0037370604282671253,,1.7197,0.40539992702801314,0.9434852344560807,1.115,0.9665
1977-07-31,0.0037479854578164238,,1.7365,0.41500664010624166,0.9355412105903266,1.1218,0.974
1977-08-31,0.003738317757009346,,1.7428,0.4176062807984632,0.9304056568663938,1.104,0.968
1977-09-30,0.0037920442910773203,,1.7476,0.42600323762460596,0.9313588525658936,1.109,0.97
1977-10-31,0.004013968610765464,,1.8395,0.4478480899278965,0.9022827754218171,1.1275,0.995
1977-11-30,0.004098024752069503,,1.817,0.46270590412733664,0.9026900162484204,1.126,0.9945
1977-12-31,0.004167013917826486,,1.917,0.5017057997190447,0.913575735428467,1.138,1.016
1978-01-31,0.0041390728476821195,,1.9475,0.502992807202857,0.9026900162484204,1.138,1.023
1978-02-28,0.004199916001679967,,1.941,0.549299642955232,0.8968609865470852,1.1365,1.022
1978-03-31,0.004349906477010745,,1.862,0.546000546000546,0.8832361773538243,1.1416,1.02
1978-04-30,0.004445037116059919,,1.823,0.5142974696564493,0.884016973125884,1.1322,1.015
1978-05-31,0.004517936206740761,,1.8335,0.5289885738468049,0.8903926631644555,1.1306,1.011
1978-06-30,0.0049089391782435815,,1.861,0.54019014693172,0.8891259891526629,1.1475,1.03
1978-07-31,0.005287088928835783,,1.931,0.5760036864235931,0.8837825894829873,1.1574,1.0515
1978-08-31,0.005249068290378458,,1.943,0.6094959468519534,0.8685833405715279,1.15,1.05
1978-09-30,0.005285691632750145,,1.975,0.6451612903225806,0.8448800270361608,1.155,1.0605
1978-10-31,0.005571030640668524,,2.076,0.6666666666666666,0.8568246080027418,1.181,1.0985
1978-11-30,0.005022601707684581,,1.944,0.5763688760806917,0.8533879501621437,1.1345,1.046
1978-12-31,0.0051466803911477095,,2.0415,0.6172839506172839,0.8426729586247577,1.15,1.064
1979-01-31,0.004945598417408507,,1.9896,0.5882352941176471,0.8330556481172943,1.1336,1.053
1979-02-28,0.004934616333580064,,2.0234,0.5973715651135006,0.8377314233056882,1.128,1.0552
1979-03-31,0.0047714476572192,,2.0625,0.5899705014749262,0.8616232982939858,1.1183,1.055
1979-04-30,0.004508566275924256,,2.068,0.5808887598024978,0.8755034144633164,1.1025,1.044
1979-05-31,0.004538234626730202,,2.07,0.5797101449275363,0.8614748449345279,1.106,1.0425
1979-06-30,0.004591368227731864,,2.181,0.6045949214026602,0.8561643835616439,1.1195,1.0087
1979-07-31,0.004614674665436087,,2.2475,0.6027727546714888,0.8549200649739249,1.129,1.015
1979-08-31,0.004537205081669692,,2.2527,0.6037918125830214,0.8574123295892996,1.1274,1.0115
1979-09-30,0.004454342984409799,,2.203,0.6435006435006435,0.8616232982939858,1.1285,1.0035
1979-10-31,0.004204330460374186,,2.0745,0.6022282445046673,0.8442380751371886,1.0972,0.966
1979-11-30,0.0040072129833700655,,2.199,0.6257822277847309,0.8542627712284298,1.0942,0.9765
1979-12-31,0.0041614648356221385,,2.2185,0.6269592476489029,0.8558712769599451,1.1057,0.983
1980-01-31,0.004178331174528893,,2.2667,0.6105006105006106,0.8631851532153646,1.1067,0.9835
1980-02-29,0.00397377309755613,,2.273,0.5873715124816447,0.8733624454148472,1.097,0.97
1980-03-31,0.004000800160032006,,2.16,0.5401026194977046,0.839278220730172,1.0818,0.9405
1980-04-30,0.004177982034677251,,2.2585,0.5997001499250375,0.8416799932665601,1.115,0.9665
1980-05-31,0.004484304932735426,,2.3425,0.601684717208183,0.8629616845012081,1.1428,0.983
1980-06-30,0.004547521600727604,,2.3555,0.6135722174499939,0.8686587908269632,1.155,0.987
1980-07-31,0.004397537379067722,,2.3425,0.6067961165048544,0.8606592649969877,1.1515,0.9748
1980-08-31,0.004564125969876769,,2.396,0.6064281382656155,0.8638562543192813,1.1648,0.9809
1980-09-30,0.0047427080863172875,,2.387,0.6047777441790142,0.8543357539513028,1.171,0.9805
1980-10-31,0.004738213693437574,,2.4365,0.5830903790087463,0.8508465923593976,1.172,0.9755
1980-11-30,0.0046168051708217915,,2.3575,0.5752085130859937,0.8404067568703253,1.164,0.9575
1980-12-31,0.004923682914820286,,2.389,0.5594405594405594,0.8371703641691085,1.1814,0.9618
1981-01-31,0.004837929366231253,,2.3655,0.5175983436853002,0.8373105584861426,1.1784,0.9488
1981-02-28,0.004768717215069147,,2.204,0.509683995922528,0.8324315325064513,1.155,0.92
1981-03-31,0.004733727810650888,,2.2325,0.5186721991701245,0.8422471153036301,1.1669,0.9155
1981-04-30,0.004634349800722959,,2.1395,0.4948045522018803,0.8359806052499582,1.1492,0.897
1981-05-31,0.0044662795891022775,,2.07,0.4817419789960497,0.8307717869901138,1.1387,0.8709
1981-06-30,0.004408199250606128,,1.93,0.4879238838741156,0.8329168748958855,1.1478,0.85
1981-07-31,0.004159733777038269,,1.84,0.4654410053525716,0.8104384471999352,1.1352,0.8275
1981-08-31,0.004338394793926247,,1.845,0.4668534080298786,0.831946755407654,1.1495,0.8285
1981-09-30,0.004304778303917348,,1.803,0.5063291139240506,0.8285690612312535,1.1428,0.82
1981-10-31,0.0042955326460481094,,1.862,0.5449591280653951,0.8312551953449708,1.137,0.821
1981-11-30,0.004668534080298786,,1.955,0.5641748942172073,0.8499065102838687,1.1518,0.8365
1981-12-31,0.004549590536851683,,1.915,0.5592841163310962,0.8429570934839418,1.128,0.823
1982-01-31,0.004380201489268506,,1.879,0.5417118093174431,0.8356313194618533,1.093,0.805
1982-02-28,0.004214963119072708,,1.82,0.526592943654555,0.8136696501220504,1.0735,0.785
1982-03-31,0.004028197381671702,,1.781,0.5158627805003869,0.8126777732629014,1.0494,0.765
1982-04-30,0.00423998304006784,,1.7945,0.5109862033725089,0.8198737394441256,1.0614,0.772
1982-05-31,0.004110152075626798,,1.791,0.5006257822277848,0.8038585209003215,1.0503,0.7615
1982-06-30,0.00392156862745098,,1.7355,0.4763038818766373,0.7734550235903782,1.0221,0.7425
1982-07-31,0.0038744672607516463,,1.738,0.47619047619047616,0.7964319847085058,0.989,0.73
1982-08-31,0.0038299502106472613,,1.7205,0.47014574518100616,0.8069722401549386,0.9642,0.7273
1982-09-30,0.003727171077152441,,1.6945,0.460617227084293,0.8088651621774651,0.9495,0.717
1982-10-31,0.0036088054853843374,,1.677,0.45300113250283125,0.8155941603458119,0.9358,0.708
1982-11-30,0.004012841091492777,,1.632,0.47225501770956313,0.8082114281095935,0.9579,0.719
1982-12-31,0.00426075841499787,,1.618,0.4981320049813201,0.813206473123526,0.98,0.7325
1983-01-31,0.004169272461955389,,1.5202,0.4962779156327543,0.8086035416835127,0.9677,0.721
1983-02-28,0.004204330460374186,,1.5115,0.48484848484848486,0.8136696501220504,0.9545,0.7155
1983-03-31,0.0041841004184100415,,1.4825,0.4795013186286262,0.810307106393323,0.8642,0.6525
1983-04-30,0.00419639110365086,,1.5573,0.482392667631452,0.8155276463872125,0.8671,0.6592
1983-05-31,0.004186728072011723,,1.6005,0.47709923664122134,0.8130081300813008,0.8811,0.6628
1983-06-30,0.004179204279505183,,1.533,0.4756242568370987,0.8145975887911372,0.8753,0.6555
1983-07-31,0.004136504653567736,,1.52,0.4684937924572499,0.8103727714748784,0.8801,0.653
1983-08-31,0.004057618178129438,,1.494,0.4572473708276178,0.8103727714748784,0.8782,0.6485
1983-09-30,0.00424358158285593,,1.4977,0.4716981132075471,0.8110300081103,0.8971,0.658
1983-10-31,0.004272591326639607,,1.4952,0.46663555762949144,0.8112932013629727,0.9135,0.6615
1983-11-30,0.004301075268817204,,1.463,0.46264168401572975,0.8069722401549386,0.9147,0.658
1983-12-31,0.0043159257660768235,,1.4515,0.4589261128958238,0.8035355564483729,0.8965,0.6545
1984-01-31,0.0042613031064899646,,1.4012,0.44385264092321347,0.8004482510205715,0.9172,0.6493
1984-02-29,0.0042839395107741075,,1.4905,0.46125461254612543,0.7987858455148175,0.9435,0.6662
1984-03-31,0.004449388209121246,,1.4375,0.4645760743321719,0.7833307222309259,0.9362,0.6638
1984-04-30,0.004405286343612335,,1.398,0.44513687959047404,0.7785130400934216,0.919,0.654
1984-05-31,0.004318162190171863,,1.3855,0.4424778761061947,0.7724393635099644,0.899,0.6471
1984-06-30,0.004214075010535188,,1.3575,0.429000429000429,0.7576331540268202,0.8615,0.634
1984-07-31,0.0040766408479412965,,1.3073,0.4044489383215369,0.7624857033930613,0.8265,0.4945
1984-08-31,0.00413393964448119,,1.3075,0.41502386387217266,0.7707723138584861,0.8488,0.4995
1984-09-30,0.004050222762251924,,1.234,0.3947887879984209,0.758552681483729,0.829,0.487
1984-10-31,0.004070004070004071,,1.2185,0.4009623095429029,0.7604562737642586,0.8502,0.4881
1984-11-30,0.00404040404040404,,1.197,0.3913894324853229,0.7551729346020238,0.8572,0.487
1984-12-31,0.00397456279809221,,1.158,0.3844675124951942,0.7566013467503971,0.825,0.4755
1985-01-31,0.003924646781789639,,1.1305,0.3738317757009346,0.7534659433393611,0.8138,0.47
1985-02-28,0.003854307188282906,,1.079,0.35001750087504374,0.7228044813877846,0.71,0.4445
1985-03-31,0.00398406374501992,,1.236,0.3846153846153846,0.7312614259597806,0.7,0.463
1985-04-30,0.003976143141153081,,1.241,0.3846153846153846,0.731528895391368,0.6445,0.454
1985-05-31,0.003980891719745223,,1.286,0.3883495145631068,0.7275372862859221,0.6632,0.4507
1985-06-30,0.004025764895330112,,1.3095,0.39354584809130266,0.7357268981753973,0.6685,0.484
1985-07-31,0.004229223937407486,,1.411,0.4359197907585004,0.7385524372230428,0.7226,0.5263
1985-08-31,0.0041841004184100415,,1.391,0.4329004329004329,0.7321180174244089,0.7015,0.5425
1985-09-30,0.004618937644341801,,1.4085,0.4555808656036447,0.7293946024799417,0.702,0.5475
1985-10-31,0.004727014890096903,,1.4405,0.4649000464900047,0.7316359379572724,0.699,0.576
1985-11-30,0.004948045522018803,,1.489,0.48053820278712156,0.7225433526011561,0.6859,0.573
1985-12-31,0.004993757802746567,,1.445,0.4854368932038835,0.7150518412584912,0.6818,0.5005
1986-01-31,0.005200208008320333,,1.412,0.4911591355599214,0.7025925665706457,0.7138,0.5355
1986-02-28,0.005538631957906397,,1.446,0.5296610169491526,0.7027406886858749,0.6993,0.523
1986-03-31,0.005630630630630631,,1.4735,0.5112474437627812,0.7158196134574087,0.7116,0.5352
1986-04-30,0.0059665871121718375,,1.551,0.5515719801434087,0.7279079924297569,0.7407,0.5843
1986-05-31,0.0057306590257879654,,1.4723,0.517196793379881,0.7247952453431906,0.7148,0.563
1986-06-30,0.006105006105006105,,1.532,0.5566379070414695,0.7209805335255948,0.6735,0.549
1986-07-31,0.006499837504062399,,1.4915,0.5959475566150179,0.7249003262051468,0.5959,0.5205
1986-08-31,0.006470397929472662,,1.488,0.6093845216331505,0.7204091924212953,0.609,0.4865
1986-09-30,0.006478781988986071,,1.4468,0.607164541590771,0.7200460829493087,0.6279,0.4882
1986-10-31,0.006119951040391676,,1.4055,0.5844535359438925,0.719165767709457,0.6408,0.507
1986-11-30,0.00617093489663684,,1.4335,0.6086427267194157,0.7225433526011561,0.6504,0.5108
1986-12-31,0.0063171193935565376,,1.4825,0.6195786864931846,0.724112961622013,0.6653,0.5305
1987-01-31,0.006508298080052067,,1.514,0.6468305304010349,0.7468259895444361,0.6618,0.541
1987-02-28,0.0065244340053500355,,1.546,0.6499837504062399,0.7500750075007501,0.677,0.5605
1987-03-31,0.00686436024162548,,1.607,0.6642311524410495,0.7661074082586379,0.7045,0.5697
1987-04-30,0.007108836283500392,,1.6605,0.6770480704129993,0.747887218607434,0.702,0.578
1987-05-31,0.006939625260235948,,1.6295,0.6611570247933884,0.7469375560203168,0.7122,0.575
1987-06-30,0.006811989100817438,,1.6128,0.6598482349059716,0.7510326699211416,0.7209,0.5923
1987-07-31,0.0066711140760507,,1.591,0.6499837504062399,0.753012048192771,0.6982,0.5697
1987-08-31,0.007054673721340388,,1.6328,0.6695681285570807,0.7578053955744164,0.7145,0.607
1987-09-30,0.006825938566552901,,1.6248,0.6520605112154407,0.7636502481863306,0.7088,0.6468
1987-10-31,0.0072254335260115606,,1.7215,0.6997900629811057,0.759762953958365,0.67,0.593
1987-11-30,0.0075517293460202395,,1.8256,0.7432181345224824,0.7644675483525724,0.705,0.6475
1987-12-31,0.008247422680412371,,1.886,0.7864726700747149,0.7691124442393478,0.722,0.6602
1988-01-31,0.007827788649706457,,1.7691,0.731368390258173,0.7836990595611285,0.708,0.6595
1988-02-29,0.007785130400934217,,1.7735,0.718132854578097,0.7932730445819451,0.7186,0.6645
1988-03-31,0.008058017727639002,,1.8865,0.7339449541284403,0.8102414519526819,0.7412,0.654
1988-04-30,0.008005123278898496,,1.8785,0.7176175098672408,0.8135372600065083,0.7576,0.6727
1988-05-31,0.007992966189753018,,1.8382,0.6926167059149467,0.8104384471999352,0.8021,0.693
1988-06-30,0.007488953793155096,,1.7085,0.6640106241699867,0.8244023083264632,0.7945,0.673
1988-07-31,0.00751597143930853,,1.71,0.6402048655569782,0.8259684480052861,0.8025,0.663
1988-08-31,0.007324934075593319,,1.6825,0.6309148264984227,0.8064516129032259,0.8038,0.6135
1988-09-30,0.0074682598954443615,,1.691,0.6315124723713293,0.8214901831923108,0.783,0.6122
1988-10-31,0.00796812749003984,,1.769,0.666000666000666,0.8198737394441256,0.82,0.626
1988-11-30,0.008203445447087777,,1.8493,0.6879944960440316,0.8418925745074929,0.875,0.655
1988-12-31,0.007996801279488205,,1.8085,0.6657789613848203,0.8383635144198524,0.8535,0.629
1989-01-31,0.007662835249042145,,1.75,0.625117209476777,0.8449514152936206,0.8874,0.6015
1989-02-28,0.007882084023015686,,1.744,0.6431281754453663,0.8340283569641367,0.7988,0.6223
1989-03-31,0.007531821947729155,,1.6852,0.6015037593984962,0.8378016085790885,0.819,0.6141
1989-04-30,0.0075272864132480246,,1.689,0.5975500448162534,0.8428150021070374,0.794,0.6152
1989-05-31,0.007025925665706456,,1.5715,0.5861664712778429,0.8290499088045101,0.7522,0.5845
1989-06-30,0.006944444444444444,,1.549,0.5955926146515783,0.8343763037129747,0.7557,0.5733
1989-07-31,0.007301935012778387,,1.666,0.6224712107065048,0.846811753747142,0.7563,0.5855
1989-08-31,0.006915629322268327,,1.573,0.5924170616113744,0.8501232678738417,0.7647,0.594
1989-09-30,0.0071633237822349575,,1.6145,0.6162188809465122,0.8482483671218932,0.7748,0.5895
1989-10-31,0.007006235549639179,,1.5775,0.6193868070610096,0.8517162081594414,0.7826,0.5881
1989-11-30,0.0069974109579455605,,1.5695,0.6283380458686774,0.8596234849136078,0.7825,0.5895
1989-12-31,0.006954102920723226,,1.6145,0.6489292667099287,0.8635578583765113,0.7893,0.5937
1990-01-31,0.006918021445866482,,1.6794,0.6648936170212766,0.8433125316242199,0.7685,0.602
1990-02-28,0.006719526945303051,,1.6892,0.670465973851827,0.8387150884844419,0.7601,0.588
1990-03-31,0.006336332530731213,,1.648,0.667779632721202,0.8543357539513028,0.7548,0.579
1990-04-30,0.006295247088448222,,1.6389,0.6894174422612892,0.8580744808649391,0.75,0.5748
1990-05-31,0.006551362683438156,,1.6765,0.6978367062107467,0.8514261387824605,0.7678,0.5768
1990-06-30,0.006563833278634723,,1.745,0.7064641469445426,0.8572653236176596,0.7916,0.5883
1990-07-31,0.006843221788818176,,1.86,0.7420048972323218,0.8673026886383347,0.7938,0.5918
1990-08-31,0.0069478218578475645,,1.892,0.7642338555598013,0.8661758336942399,0.816,0.6153
1990-09-30,0.00723222680263253,,1.8735,0.7695267410542516,0.8646779074794638,0.8254,0.615
1990-10-31,0.007695267410542517,,1.944,0.7770007770007771,0.8563110121596164,0.7848,0.6145
1990-11-30,0.007513148009015778,,1.9392,0.7833920877399139,0.857780065191285,0.774,0.609
1990-12-31,0.007366482504604052,,1.9285,0.7830853563038371,0.8616975441619991,0.772,0.5865
1991-01-31,0.0076074553062000765,,1.965,0.794912559618442,0.8599191675982457,0.7826,0.5987
1991-02-28,0.007521624670928921,,1.91,0.7538635506973238,0.8696408383337683,0.7853,0.5995
1991-03-31,0.007112375533428165,,1.7485,0.6920415224913494,0.8624407072013799,0.773,0.5865
1991-04-30,0.007332453438920663,,1.7225,0.6901311249137336,0.8680555555555556,0.7814,0.5877
1991-05-31,0.007222824124232576,,1.698,0.6746727836999056,0.8731336767659129,0.7594,0.581
1991-06-30,0.00725163161711385,,1.618,0.6417661404184315,0.8753501400560223,0.767,0.5754
1991-07-31,0.007276961141027508,,1.6845,0.655307994757536,0.8681309141418526,0.778,0.5708
1991-08-31,0.007307270734380709,,1.68,0.6542361792607131,0.8755034144633164,0.7852,0.5744
1991-09-30,0.0075272864132480246,,1.752,0.6901311249137336,0.8835483300936562,0.7995,0.5667
1991-10-31,0.007656967840735069,,1.7425,0.68259385665529,0.8904719501335708,0.7791,0.5566
1991-11-30,0.007687576875768757,,1.7655,0.6963788300835655,0.8810572687224669,0.7844,0.561
1991-12-31,0.008006405124099279,,1.866,0.7344840249724569,0.8652015919709293,0.7593,0.5403
1992-01-31,0.007964954201513342,,1.789,0.6997900629811057,0.8509189925119128,0.7521,0.5402
1992-02-29,0.007742934572202865,,1.756,0.6736274840013473,0.8460236886632826,0.7538,0.5466
1992-03-31,0.007523322299127296,,1.7363,0.6657789613848203,0.8401949252226517,0.77,0.5463
1992-04-30,0.007501875468867216,,1.775,0.6591957811470007,0.8361204013377926,0.7565,0.5372
1992-05-31,0.007827788649706457,,1.829,0.6867188572998215,0.8300132802124833,0.7568,0.5352
1992-06-30,0.007944704854214666,,1.9035,0.7274314395868189,0.835282325425994,0.7477,0.5442
1992-07-31,0.007852375343541421,,1.92,0.7578628268283442,0.8442380751371886,0.7443,0.5453
1992-08-31,0.008133387555917039,,1.9893,0.8022462896109106,0.8366800535475234,0.7156,0.5392
1992-09-30,0.008333333333333333,,1.779,0.8082767539605561,0.8012820512820513,0.7139,0.5372
1992-10-31,0.008110300081103,,1.5625,0.7262164124909223,0.8061265618702137,0.6952,0.525
1992-11-30,0.008037293039704227,,1.5135,0.6956521739130435,0.7775445144234507,0.6822,0.5109
1992-12-31,0.008009611533840609,,1.513,0.6821282401091405,0.7865345288658172,0.689,0.5135
1993-01-31,0.008001920460910618,,1.4855,0.6720430107526881,0.7874015748031495,0.6793,0.5162
1993-02-28,0.00846740050804403,,1.4215,0.655307994757536,0.8001280204832774,0.6955,0.5233
1993-03-31,0.008703220191470844,,1.509,0.670465973851827,0.7953551260637874,0.7044,0.5316
1993-04-30,0.008987148377819719,,1.5695,0.6968641114982578,0.7872775940796725,0.7045,0.541
1993-05-31,0.009330969487729775,,1.5605,0.7049700387733521,0.7869678130164477,0.6862,0.542
1993-06-30,0.009363295880149813,,1.493,0.66203243958954,0.7798487093503861,0.6663,0.5366
1993-07-31,0.00951927653498334,,1.485,0.6565988181221274,0.7785736530675802,0.688,0.554
1993-08-31,0.009548362455838823,,1.4868,0.6754474839581223,0.7571168988491823,0.671,0.552
1993-09-30,0.00942951438000943,,1.496,0.6988120195667366,0.748502994011976,0.645,0.5504
1993-10-31,0.009229349330872175,,1.4882,0.6743088334457181,0.75642965204236,0.6655,0.554
1993-11-30,0.009167583425009168,,1.4852,0.6665777896280496,0.7478312892611427,0.6584,0.5455
1993-12-31,0.008952551477170993,,1.4775,0.6720430107526881,0.7544322897019993,0.6783,0.559
1994-01-31,0.00919793966151582,,1.5005,0.6836671908115131,0.7535795026375283,0.7085,0.5673
1994-02-28,0.009595087315294569,,1.4875,0.7017543859649122,0.7395355716609968,0.712,0.575
1994-03-31,0.009765625,,1.488,0.7093707881109456,0.7226477814713109,0.7015,0.5613
1994-04-30,0.009799118079372856,,1.5118,0.7087172218284904,0.7236937328122739,0.7135,0.577
1994-05-31,0.009547450830628223,,1.512,0.7126060001425212,0.7222824124232574,0.7385,0.5945
1994-06-30,0.010151253679829459,,1.5483,0.7504690431519699,0.7233273056057866,0.731,0.595
1994-07-31,0.009995002498750625,,1.5415,0.7437709185570844,0.7228044813877846,0.7389,0.6015
1994-08-31,0.009989012086704625,,1.5362,0.7510326699211416,0.7292882147024504,0.7444,0.6018
1994-09-30,0.010095911155981827,,1.577,0.777302759424796,0.7457121551081283,0.74,0.6025
1994-10-31,0.010319917440660475,,1.635,0.7968127490039841,0.7392622163081245,0.742,0.615
1994-11-30,0.01011020119300374,,1.567,0.7547169811320755,0.7271669575334497,0.7689,0.6278
1994-12-31,0.010040160642570281,,1.5665,0.7633587786259541,0.7127583749109052,0.7753,0.6402
1995-01-31,0.010057326762546514,,1.5815,0.7785130400934216,0.709622480840193,0.7575,0.6388
1995-02-28,0.010351966873706004,,1.584,0.810898475510866,0.7175145296692258,0.738,0.6335
1995-03-31,0.011514104778353483,,1.619,0.8826125330979699,0.7146430358036161,0.7325,0.6549
1995-04-30,0.011899095668729176,,1.6091,0.8729812309035356,0.735456350665588,0.7272,0.6718
1995-05-31,0.011813349084465446,,1.5865,0.8565310492505354,0.7300335815447511,0.719,0.6647
1995-06-30,0.01179523472517103,,1.5905,0.8684324793747287,0.7279079924297569,0.7108,0.6685
1995-07-31,0.011319900384876612,,1.598,0.8691873098652759,0.7301935012778387,0.7387,0.6738
1995-08-31,0.010230179028132993,,1.5515,0.8291873963515755,0.7444907683144729,0.7517,0.6502
1995-09-30,0.010090817356205853,,1.5795,0.8650519031141869,0.7437709185570844,0.7555,0.658
1995-10-31,0.009778994719342852,,1.5807,0.8802816901408451,0.7462129691814043,0.7615,0.66
1995-11-30,0.009823182711198428,,1.5302,0.8507018290089324,0.7359976448075366,0.7424,0.6527
1995-12-31,0.009682416731216111,,1.5535,0.8665511265164645,0.7323324789454413,0.7432,0.6537
1996-01-31,0.009350163627863487,,1.5096,0.8248783304462592,0.7276431637924762,0.7443,0.6722
1996-02-29,0.009512937595129375,,1.532,0.8340283569641367,0.7284382284382285,0.7643,0.6731
1996-03-31,0.009345794392523364,,1.5262,0.8405480373203329,0.7334066740007334,0.7815,0.6807
1996-04-30,0.009557488292076843,,1.505,0.8054772452678212,0.7344840249724569,0.7854,0.6869
1996-05-31,0.009260116677470136,,1.5495,0.7993605115907275,0.7297139521307647,0.798,0.6795
1996-06-30,0.009134088417975885,,1.5529,0.7996801279488205,0.7322252324815114,0.7856,0.686
1996-07-31,0.009365926758452749,,1.5556,0.8348639171814994,0.7274314395868189,0.7735,0.6892
1996-08-31,0.00919963201471941,,1.5612,0.8327088017320342,0.7307270734380709,0.791,0.69
1996-09-30,0.008956560680698611,,1.5653,0.7964954201513341,0.7342143906020557,0.7912,0.699
1996-10-31,0.008788118463836892,,1.6278,0.7922047056959518,0.7457677679170707,0.793,0.707
1996-11-30,0.008781173164734809,,1.682,0.7672830507174098,0.7413447994662318,0.8137,0.7108
1996-12-31,0.008637816360024185,,1.7123,0.7468259895444361,0.7300868803387603,0.7944,0.7065
1997-01-31,0.008247422680412371,,1.6012,0.704721634954193,0.742170105388155,0.7625,0.6885
1997-02-28,0.008276090374906894,,1.6287,0.6786562606040041,0.731528895391368,0.7765,0.6924
1997-03-31,0.008082767539605561,,1.6448,0.6952652436904679,0.7228044813877846,0.784,0.6947
1997-04-30,0.007872156183578682,,1.62,0.678195998643608,0.7157683773530885,0.7795,0.693
1997-05-31,0.008591065292096219,,1.636,0.7069635913750442,0.7247427163357009,0.763,0.6895
1997-06-30,0.008725242125468982,,1.665,0.6846501437765302,0.724112961622013,0.755,0.679
1997-07-31,0.008448086508405846,,1.6388,0.6602839220864972,0.7235890014471781,0.7451,0.6498
1997-08-31,0.008288437629506838,,1.6203,0.6716367788300088,0.7199424046076314,0.7345,0.6385
1997-09-30,0.008284317786430288,,1.6117,0.6873797085510035,0.7233796296296295,0.725,0.6398
1997-10-31,0.008306337735692334,,1.6786,0.7145409074669525,0.7092701610043266,0.703,0.6225
1997-11-30,0.007828401440425865,,1.6885,0.701508242721852,0.702000702000702,0.6825,0.6164
1997-12-31,0.007665772326561902,,1.6427,0.6844626967830253,0.6998880179171332,0.6515,0.5803
1998-01-31,0.007867820613690008,,1.6325,0.6747638326585695,0.6867188572998215,0.6852,0.5865
1998-02-28,0.00792895654931811,,1.6453,0.6820351930159596,0.7024445068839562,0.6785,0.584
1998-03-31,0.007502438292445045,,1.6765,0.6559527714004592,0.7052186177715092,0.6613,0.5524
1998-04-30,0.007554581853894387,,1.6727,0.6664445184938355,0.6992029086841002,0.652,0.5555
1998-05-31,0.007220216606498195,,1.6308,0.6747638326585695,0.6862946949420081,0.626,0.5358
1998-06-30,0.007231180851833105,,1.6695,0.6600660066006601,0.6794863083508867,0.6208,0.52
1998-07-31,0.0069132388524023505,,1.6349,0.670465973851827,0.6617257808364213,0.607,0.5115
1998-08-31,0.007097232079488999,,1.676,0.693625580911424,0.6351222610352493,0.572,0.495
1998-09-30,0.007321180174244088,,1.6995,0.7242178447276941,0.6552221202987812,0.593,0.5
1998-10-31,0.008587376556462,,1.6735,0.7381163271331562,0.6480041472265423,0.625,0.5295
1998-11-30,0.008116224332440549,,1.6485,0.7161784716751414,0.6563833278634722,0.628,0.527
1998-12-31,0.008843296781039971,,1.6628,0.728066982162359,0.6504065040650406,0.6123,0.527
1999-01-31,0.008620689655172414,1.1371,1.6457,0.7058159232072275,0.6624710168930109,0.6297,0.5387
1999-02-28,0.008424599831508003,1.0995,1.6027,0.689893066574681,0.6626905235255136,0.6205,0.525
1999-03-31,0.008443806467955754,1.0808,1.614,0.676818950930626,0.6626027034190299,0.634,0.534
1999-04-30,0.008373105584861425,1.0564,1.6085,0.6554368486596316,0.6859651529702291,0.662,0.5605
1999-05-31,0.00827266710787558,1.0422,1.602,0.6544502617801047,0.6791171477079797,0.6528,0.5355
1999-06-30,0.00826856292376385,1.031,1.5765,0.6428801028608164,0.6786562606040041,0.6611,0.5295
1999-07-31,0.008718395815170008,1.0694,1.6207,0.6700167504187605,0.6635700066357001,0.6522,0.5308
1999-08-31,0.009149130832570906,1.0581,1.6086,0.6609385327164574,0.6682258603407952,0.638,0.5168
1999-09-30,0.009361542782250515,1.0643,1.6457,0.6656903208627347,0.6805035726437564,0.6528,0.517
1999-10-31,0.009588647041902387,1.0518,1.6425,0.6560388374991799,0.6793478260869565,0.6376,0.5068
1999-11-30,0.009823182711198428,1.0077,1.5935,0.6292078273453722,0.6793478260869565,0.6371,0.5103
1999-12-31,0.009788566953797965,1.007,1.615,0.6277463904582549,0.6925207756232687,0.656,0.5234
2000-01-31,0.009317059536010435,0.9757,1.6182,0.6062443164595333,0.6888475580354068,0.6382,0.4953
2000-02-29,0.009100837277029487,0.9643,1.578,0.6000600060006,0.6894174422612892,0.6155,0.4865
2000-03-31,0.009734254842791784,0.9574,1.5922,0.6013229104028863,0.6878525244187647,0.6062,0.496
2000-04-30,0.009260974254491572,0.9089,1.556,0.5797101449275363,0.6748549061951681,0.5837,0.4855
2000-05-31,0.009281603861147207,0.9328,1.4968,0.5923117929277972,0.6676904587033451,0.5708,0.4572
2000-06-30,0.00942151874882231,0.9545,1.513,0.6128577557148986,0.6757669955399378,0.5971,0.469
2000-07-31,0.00911743253099927,0.9266,1.4983,0.5991970759182695,0.6720430107526881,0.5787,0.454
2000-08-31,0.009375585974123383,0.8878,1.4515,0.5738880918220947,0.6793478260869565,0.5764,0.4268
2000-09-30,0.009267840593141797,0.8837,1.4787,0.5792064871126557,0.6635700066357001,0.5415,0.4075
2000-10-31,0.009161704076958314,0.8486,1.4505,0.5562353988207809,0.6547502127938191,0.5181,0.3962
2000-11-30,0.009014693951140358,0.8694,1.421,0.5758710048949036,0.6512536633018561,0.5262,0.4092
2000-12-31,0.008745080891998252,0.9388,1.4955,0.6172077521293667,0.6668889629876625,0.556,0.4423
2001-01-31,0.00859180341953776,0.9308,1.4613,0.60882800608828,0.6668889629876625,0.548,0.4425
2001-02-28,0.008526603001364257,0.9212,1.4433,0.5975143403441683,0.6527415143603134,0.5248,0.4303
2001-03-31,0.007965588657001752,0.8794,1.419,0.5760368663594471,0.6335529650278763,0.4881,0.4033
2001-04-30,0.008092579104960751,0.8874,1.4306,0.5765350245027385,0.6510416666666666,0.5096,0.4128
2001-05-31,0.008411843876177659,0.8455,1.4175,0.5564830272676684,0.6467886941336265,0.5068,0.4083
2001-06-30,0.008017317405596087,0.8474,1.4077,0.5565449688334818,0.6589785831960461,0.51,0.4047
2001-07-31,0.008,0.8752,1.4252,0.5785363031530228,0.6531678641410843,0.508,0.4119
2001-08-31,0.008421052631578947,0.909,1.451,0.5988741166606779,0.6460783046905285,0.5277,0.4375
2001-09-30,0.008387150884844418,0.9099,1.4691,0.6177415369409439,0.6330315882762549,0.4946,0.4067
2001-10-31,0.008160600620205646,0.8993,1.4534,0.6117330397014743,0.6287331027978623,0.503,0.4125
2001-11-30,0.008115565654926148,0.8958,1.4255,0.6095702529716549,0.6362537379907106,0.5203,0.4163
2001-12-31,0.007631257631257632,0.8901,1.4543,0.6024822267743102,0.6279434850863422,0.5117,0.4161
2002-01-31,0.007459346561241235,0.8594,1.412,0.5817335660267597,0.6283380458686774,0.5072,0.4167
2002-02-28,0.00746491489997014,0.8658,1.4129,0.5873715124816447,0.6230917814194031,0.5167,0.4213
2002-03-31,0.0075357950263752835,0.8717,1.425,0.5945303210463734,0.6266449429753101,0.5333,0.4405
2002-04-30,0.007785130400934217,0.9002,1.4565,0.61667488899852,0.6377144314775843,0.5372,0.4472
2002-05-31,0.008056070248932571,0.9339,1.4625,0.6372267890142101,0.6546644844517184,0.566,0.479
2002-06-30,0.008343763037129746,0.9856,1.5245,0.6702412868632708,0.6583278472679395,0.5628,0.486
2002-07-31,0.008349336227769892,0.9796,1.5625,0.6741724533135576,0.6311139160618492,0.5445,0.4685
2002-08-31,0.00842034355001684,0.9806,1.5476,0.6663557006730193,0.6416426050689766,0.5495,0.4679
2002-09-30,0.00821422704123542,0.9879,1.57,0.6775985905949315,0.6303977809998108,0.5429,0.4698
2002-10-31,0.00814464896562958,0.9881,1.563,0.6754474839581223,0.6406149903907752,0.5548,0.4856
2002-11-30,0.008148631029986962,0.9932,1.5553,0.6729475100942126,0.6386511687316387,0.5601,0.498
2002-12-31,0.008421052631578947,1.0485,1.6095,0.722908985758693,0.6329113924050632,0.5625,0.5239
2003-01-31,0.008336112037345782,1.0739,1.6448,0.7308338814587444,0.6541933795629988,0.586,0.544
2003-02-28,0.00845880561664693,1.0779,1.5737,0.7376263185070444,0.6720430107526881,0.6075,0.558
2003-03-31,0.00846955196070128,1.09,1.579,0.7386615452799528,0.6805035726437564,0.6045,0.5538
2003-04-30,0.008398421096833796,1.118,1.6,0.7382798080472499,0.6975446428571429,0.6262,0.56
2003-05-31,0.008368200836820083,1.1766,1.6393,0.7679311933650744,0.7292882147024504,0.6513,0.5759
2003-06-30,0.008342370901810295,1.1502,1.6529,0.7396996819291367,0.737571913261543,0.6713,0.5866
2003-07-31,0.008304268393954492,1.1231,1.609,0.7280139778683751,0.7105300554213443,0.6474,0.5789
2003-08-31,0.008568246080027419,1.0986,1.5773,0.7140307033202428,0.7220216606498195,0.649,0.5785
2003-09-30,0.008974243919949743,1.165,1.662,0.7571168988491823,0.7403568520026653,0.6797,0.595
2003-10-31,0.009082652134423252,1.1609,1.6956,0.7472724555372888,0.7578628268283442,0.7077,0.6118
2003-11-30,0.009129918743723181,1.1995,1.7219,0.7741735697143299,0.7708317274339013,0.7236,0.6395
2003-12-31,0.009334453467749464,1.2597,1.7842,0.8077544426494346,0.773814129846011,0.752,0.6557
2004-01-31,0.00944822373393802,1.2452,1.8215,0.7940919558484872,0.7538635506973238,0.7625,0.6705
2004-02-29,0.009152480322167308,1.2441,1.8575,0.7886435331230284,0.7459903021260723,0.7717,0.6852
2004-03-31,0.00959877135726627,1.2292,1.84,0.7888301648655044,0.7633587786259541,0.762,0.665
2004-04-30,0.00906043308870164,1.1975,1.7744,0.7701786814540974,0.7293414047115455,0.721,0.6242
2004-05-31,0.009076057360682519,1.2217,1.833,0.7978935609989627,0.7317430118542367,0.7138,0.6285
2004-06-30,0.009138261902586127,1.2179,1.8126,0.7987220447284346,0.7458790184232118,0.6952,0.6322
2004-07-31,0.008977466558937068,1.2032,1.8183,0.7814942169427945,0.7521058965102287,0.7035,0.636
2004-08-31,0.009174311926605505,1.2183,1.8031,0.7910766553279013,0.7595321282090233,0.7071,0.6564
2004-09-30,0.009074410163339383,1.2417,1.809,0.8018603159329644,0.7906388361796332,0.7244,0.6755
2004-10-31,0.00943040362127499,1.2746,1.8345,0.8341675008341675,0.8190679007289704,0.7468,0.6834
2004-11-30,0.009704968944099378,1.3259,1.9073,0.8755800717975659,0.8401949252226517,0.7723,0.7143
2004-12-31,0.009738994935722632,1.3538,1.916,0.8762705923589205,0.8309788931361143,0.7805,0.7203
2005-01-31,0.009657170449058426,1.3049,1.885,0.8419634587858887,0.8067118425298483,0.7759,0.7112
2005-02-28,0.009592326139088728,1.3274,1.9249,0.8631851532153646,0.8133387555917039,0.794,0.7288
2005-03-31,0.009326618168252192,1.2969,1.8888,0.8366800535475234,0.8268562923763849,0.7729,0.7126
2005-04-30,0.0095565749235474,1.2919,1.9122,0.8404773911581779,0.795671546785487,0.7834,0.7345
2005-05-31,0.009261831990367694,1.2349,1.8231,0.8034064433196755,0.79923273657289,0.7591,0.7065
2005-06-30,0.00901631953836444,1.2098,1.793,0.7796055196070788,0.8159268929503917,0.7618,0.6959
2005-07-31,0.008908685968819599,1.2129,1.7593,0.7770007770007771,0.8158603247124092,0.7594,0.6834
2005-08-31,0.009022013713460845,1.233,1.8012,0.7970667941973538,0.8408307407718826,0.7514,0.6932
2005-09-30,0.008826904404625297,1.2058,1.7696,0.7757951900698216,0.8615490652192642,0.7643,0.6938
2005-10-31,0.008594018563080097,1.1995,1.7689,0.7751937984496123,0.84774499830451,0.748,0.7003
2005-11-30,0.008357011532675915,1.179,1.7321,0.76057195010648,0.856898029134533,0.7394,0.7027
2005-12-31,0.00848320325755005,1.1842,1.7188,0.76057195010648,0.8579272477693892,0.7342,0.6845
2006-01-31,0.008555783709787816,1.2158,1.782,0.7822277847309137,0.8744316194473593,0.7572,0.6857
2006-02-28,0.008634087376964255,1.1925,1.7539,0.7627183281214248,0.8788118463836894,0.743,0.6634
2006-03-31,0.008512087163772556,1.2139,1.7393,0.7677543186180422,0.856898029134533,0.7165,0.6164
2006-04-30,0.008788118463836892,1.2624,1.822,0.8057368463459833,0.8926180487369454,0.7593,0.6368
2006-05-31,0.008907892392659897,1.2833,1.8732,0.8224360555966773,0.9068649678062937,0.7519,0.6366
2006-06-30,0.008732861758798357,1.2779,1.8491,0.8165264962848046,0.8968609865470852,0.7423,0.6105
2006-07-31,0.008738203425375743,1.2764,1.8685,0.8122816992933148,0.8842514811212309,0.7664,0.6165
2006-08-31,0.00852151682999574,1.2793,1.9024,0.8106355382619974,0.9036688957166095,0.763,0.6545
2006-09-30,0.008475294516484448,1.2687,1.8716,0.799744081893794,0.896780557797507,0.7461,0.653
2006-10-31,0.008560178051703476,1.2773,1.9084,0.8048937540244688,0.8907098957869422,0.7743,0.6707
2006-11-30,0.008654262224145393,1.3261,1.9693,0.8357011532675914,0.8761938140716726,0.7896,0.685
2006-12-31,0.008401949252226516,1.3197,1.9586,0.8200082000820008,0.8582217645039478,0.7884,0.7046
2007-01-31,0.008263097008758883,1.2998,1.9611,0.8019246190858058,0.8480325644504749,0.774,0.6856
2007-02-28,0.008450942280064227,1.323,1.9613,0.820411846747067,0.8547008547008548,0.7892,0.7012
2007-03-31,0.008506294658046955,1.3374,1.9685,0.8246742536698005,0.8673026886383347,0.8104,0.7158
2007-04-30,0.008372404554588079,1.366,2.0,0.8289124668435014,0.9035056017347307,0.8326,0.7425
2007-05-31,0.00821287779237845,1.3453,1.9797,0.8161932745674175,0.9344921035417251,0.8272,0.7365
2007-06-30,0.008104384471999352,1.352,2.0063,0.8169934640522876,0.940379913485048,0.8491,0.773
2007-07-31,0.008394191219675984,1.3711,2.0364,0.8318775476249897,0.9384384384384383,0.8594,0.7715
2007-08-31,0.0086333419666753,1.3641,2.0165,0.8284317786430287,0.9469696969696969,0.8157,0.7025
2007-09-30,0.008697921196833956,1.4219,2.0389,0.8567511994516792,1.0041168792047395,0.8855,0.7568
2007-10-31,0.008675284115554785,1.4468,2.0777,0.8628872206402622,1.0530749789385003,0.9271,0.7693
2007-11-30,0.009007386056566384,1.4688,2.0567,0.8859750155045627,0.99930048965724,0.8848,0.7671
2007-12-31,0.008951750067138126,1.4603,1.9843,0.8826904404625298,1.0120433154539015,0.8776,0.7678
2008-01-31,0.00936855911560802,1.4841,1.9895,0.9220839096357768,0.9982032341784787,0.8968,0.7884
2008-02-29,0.009597850081581726,1.5187,1.9864,0.9583133684714901,1.0208248264597795,0.937,0.8027
2008-03-31,0.010015022533800702,1.5805,1.9855,1.0079629069650238,0.97323600973236,0.9132,0.786
2008-04-30,0.009566631589017507,1.5568,1.9847,0.9595087315294569,0.9908838684106221,0.9419,0.781
2008-05-31,0.009482268158543524,1.556,1.9793,0.959140610013428,1.0062386798148522,0.9551,0.7838
2008-06-30,0.00941885655081473,1.5748,1.9906,0.9801999607920016,0.9818360333824252,0.9562,0.7609
2008-07-31,0.009250693802035153,1.5589,1.9806,0.9533797311469159,0.9745638826625085,0.9415,0.734
2008-08-31,0.009200478424878094,1.4669,1.819,0.9075233687267447,0.9406452826639075,0.8563,0.6991
2008-09-30,0.009439305267132339,1.4081,1.7804,0.893734918223255,0.9436633009342266,0.7904,0.669
2008-10-31,0.010175010175010175,1.2682,1.6165,0.856971462850287,0.8225037012666557,0.6574,0.5815
2008-11-30,0.01047559187094071,1.2694,1.5348,0.8220304151253597,0.8090614886731392,0.6546,0.55
2008-12-31,0.011014428901861438,1.3919,1.4619,0.93694368968425,0.8169934640522876,0.6983,0.5815
2009-01-31,0.011132138483802739,1.2804,1.4413,0.861178091629349,0.8087343307723414,0.638,0.5084
2009-02-28,0.010231225700838962,1.2662,1.4276,0.8567511994516792,0.7867820613690009,0.6419,0.503
2009-03-31,0.010085728693898134,1.3261,1.43,0.8775778850372971,0.7932730445819451,0.6925,0.5692
2009-04-30,0.01012555690562981,1.3244,1.4799,0.8770391159445711,0.8375910880308234,0.7317,0.5695
2009-05-31,0.010465724751439037,1.4126,1.616,0.9352787130564909,0.9126585744273068,0.7993,0.637
2009-06-30,0.01037129226301597,1.402,1.6452,0.9202171712524155,0.860141063134354,0.8055,0.6447
2009-07-31,0.010577533319229955,1.4279,1.6713,0.9373828271466067,0.9266981744045965,0.8339,0.6605
2009-08-31,0.010773540185304893,1.4354,1.6314,0.946163307786924,0.9118263882556761,0.8439,0.6856
2009-09-30,0.01117443289753045,1.463,1.6004,0.9638554216867469,0.9329228472805299,0.8824,0.7233
2009-10-31,0.011049723756906077,1.4755,1.6479,0.9767532721234615,0.9287638153617536,0.9038,0.723
2009-11-30,0.011611704598235021,1.4994,1.6409,0.9950248756218907,0.946073793755913,0.9143,0.7151
2009-12-31,0.010743446497636443,1.4332,1.6167,0.9654373431164317,0.9559315553006404,0.8979,0.7255
2010-01-31,0.011064394777605666,1.387,1.6009,0.9472387989012029,0.938790837401427,0.8873,0.7046
2010-02-28,0.011256190904997748,1.366,1.5239,0.9336196433572963,0.9505703422053231,0.8961,0.7
2010-03-31,0.010706638115631691,1.3526,1.5186,0.9498480243161095,0.9846396218983852,0.9169,0.7098
2010-04-30,0.010611205432937183,1.3302,1.5308,0.9287638153617536,0.9889240506329113,0.9306,0.732
2010-05-31,0.011012003083360863,1.2369,1.4492,0.8670019074041964,0.9526531389920929,0.8491,0.6798
2010-06-30,0.011300711944852526,1.2291,1.4947,0.9281603861147207,0.9428625306430323,0.848,0.6901
2010-07-31,0.011570056693277797,1.3069,1.5714,0.9606147934678195,0.971534052268532,0.9051,0.7261
2010-08-31,0.011890606420927468,1.2704,1.5358,0.9852216748768474,0.9398496240601504,0.891,0.6995
2010-09-30,0.011971746677840296,1.3601,1.5731,1.0195758564437194,0.971534052268532,0.964,0.7329
2010-10-31,0.012425447316103379,1.3894,1.602,1.015228426395939,0.9816432708353785,0.9798,0.7625
2010-11-30,0.011967448539971278,1.3036,1.5578,1.0015022533800702,0.9740892265731541,0.9607,0.7445
2010-12-31,0.012244398187829068,1.3269,1.5392,1.0673497705197994,0.9991008092716556,1.0122,0.7687
2011-01-31,0.01219958521410272,1.3715,1.6042,1.0636034886194425,0.998003992015968,0.9976,0.7735
2011-02-28,0.0122040517451794,1.3793,1.6247,1.07469102632993,1.0270103728047653,1.0174,0.7522
2011-03-31,0.01208313194780087,1.4183,1.6048,1.0920607185759528,1.0291242152927857,1.0358,0.7639
2011-04-30,0.012298610257040954,1.4821,1.6691,1.1539349180706209,1.0541851149061776,1.0937,0.8068
2011-05-31,0.01230163611760364,1.4376,1.6439,1.1730205278592374,1.0322047894302229,1.066,0.8231
2011-06-30,0.01240079365079365,1.4523,1.6067,1.188636633781053,1.0371292263015972,1.0732,0.8284
2011-07-31,0.012956724540036277,1.4388,1.6455,1.268874508311128,1.048327916972429,1.1001,0.8776
2011-08-31,0.013071895424836602,1.4406,1.6269,1.244090569793481,1.0221813349688236,1.0702,0.8551
2011-09-30,0.012980269989615783,1.3449,1.5624,1.1052166224580018,0.9625565501973241,0.9744,0.7675
2011-10-31,0.012825445684237527,1.3947,1.6141,1.1486331265793706,1.0068465565847766,1.061,0.812
2011-11-30,0.012889920082495489,1.3453,1.5705,1.0981770261366133,0.9804882831650161,1.0244,0.7769
2011-12-31,0.012990387113535984,1.2973,1.5537,1.0667804565820354,0.983477576711251,1.0251,0.7805
2012-01-31,0.013099292638197537,1.3053,1.5754,1.0845986984815619,0.9950248756218907,1.0598,0.8246
2012-02-29,0.012330456226880395,1.3359,1.5951,1.108278842956888,1.0135819987837016,1.0777,0.8397
2012-03-31,0.012134449702705982,1.3334,1.5985,1.1079104808331488,1.001001001001001,1.0367,0.82
2012-04-30,0.012529758175667208,1.3229,1.6225,1.1012003083360864,1.0115314586283632,1.041,0.8174
2012-05-31,0.012773023374632774,1.2364,1.5405,1.0295480284155256,0.9662769349695624,0.9711,0.7527
2012-06-30,0.012529758175667208,1.2668,1.5686,1.0542962572482868,0.9813542688910698,1.0236,0.8027
2012-07-31,0.012804097311139566,1.2315,1.5686,1.0253255408592228,0.9986019572598361,1.0522,0.8115
2012-08-31,0.01277139208173691,1.2578,1.5864,1.0475591870940708,1.013993104846887,1.0334,0.8037
2012-09-30,0.012833675564681724,1.2856,1.6132,1.0638297872340425,1.0165700925078784,1.0388,0.8293
2012-10-31,0.012509382036527395,1.2958,1.6111,1.073998496402105,1.0006003602161297,1.037,0.822
2012-11-30,0.0121153380179307,1.301,1.6027,1.079447322970639,1.006947940791461,1.0429,0.8201
2012-12-31,0.011542012927054477,1.3186,1.6262,1.0922992900054616,1.004217714400482,1.0393,0.8267
2013-01-31,0.010955302366345312,1.3584,1.5856,1.0997470581766193,1.00080064051241,1.0433,0.8397
2013-02-28,0.010827197921177999,1.3079,1.5192,1.0711225364181662,0.9721952167995334,1.0241,0.8286
2013-03-31,0.010620220900594732,1.2816,1.5193,1.053740779768177,0.982897582071948,1.0409,0.836
2013-04-30,0.010254306808859722,1.3168,1.5539,1.0755001075500108,0.9928514694201747,1.0372,0.858
2013-05-31,0.00991768322919766,1.2988,1.5185,1.0435145570280704,0.9673986649898423,0.9608,0.7973
2013-06-30,0.010079629069650238,1.301,1.521,1.0582010582010584,0.9512032721392563,0.9165,0.7755
2013-07-31,0.010167768174885614,1.3282,1.5177,1.077121930202499,0.9721007096335181,0.8957,0.7951
2013-08-31,0.010181225819588679,1.3196,1.5468,1.0737678513905293,0.9475080538184576,0.8901,0.7729
2013-09-30,0.010173974972021568,1.3535,1.6179,1.1060723371308483,0.9723842862699339,0.9342,0.8323
2013-10-31,0.010193679918450561,1.3594,1.6068,1.1042402826855124,0.9588647041902388,0.9471,0.8277
2013-11-30,0.009760858955588092,1.3606,1.6373,1.1053387863380126,0.9436633009342266,0.9125,0.8157
2013-12-31,0.009501187648456057,1.3779,1.6574,1.1230907457322552,0.940114693992667,0.8929,0.8229
2014-01-31,0.009777082518576457,1.35,1.645,1.104728236853734,0.8996041741633681,0.8743,0.809
2014-02-28,0.009796238244514107,1.3806,1.675,1.1350737797956867,0.9029345372460498,0.8933,0.839
2014-03-31,0.009710623422023694,1.3777,1.6675,1.1312217194570136,0.9047317470370035,0.9275,0.8684
2014-04-30,0.009790483649892304,1.387,1.6883,1.1363636363636365,0.9127418765972983,0.9282,0.8605
2014-05-31,0.009826078412105728,1.364,1.6764,1.118067978533095,0.9202171712524155,0.9298,0.8485
2014-06-30,0.009873617693522907,1.369,1.7105,1.1276499774470004,0.9366804046459347,0.9427,0.8755
2014-07-31,0.009732360097323601,1.339,1.6889,1.100594320933304,0.918357975939021,0.9301,0.849
2014-08-31,0.009615384615384616,1.315,1.6585,1.090037061260083,0.9209799226376865,0.9344,0.8367
2014-09-30,0.009119095385737736,1.2628,1.622,1.0466820180029306,0.892299455697332,0.8737,0.7788
2014-10-31,0.00892140244446427,1.253,1.5999,1.039176971838304,0.8871540099361249,0.8791,0.778
2014-11-30,0.008424599831508003,1.2438,1.5638,1.0354110581901015,0.875196919306844,0.8524,0.784
2014-12-31,0.008343763037129746,1.2101,1.5578,1.00664384940608,0.8619946556331352,0.8173,0.7796
2015-01-31,0.0085149863760218,1.129,1.5026,1.0857763300760044,0.786410821012897,0.7762,0.7248
2015-02-28,0.00835282325425994,1.1197,1.5439,1.0511931041732365,0.7996161842315689,0.781,0.7557
2015-03-31,0.008336112037345782,1.0741,1.485,1.0296540362438222,0.7885813421654444,0.7625,0.7485
2015-04-30,0.00834306691139663,1.1162,1.5328,1.0626992561105209,0.8253549026081215,0.7867,0.7591
2015-05-31,0.008065817067268914,1.0994,1.5286,1.0633772862611655,0.802181934862827,0.7659,0.7111
2015-06-30,0.00819000819000819,1.1154,1.5727,1.0699764605178685,0.8017317405596087,0.7704,0.6778
2015-07-31,0.008068420203324189,1.1028,1.5634,1.03777501037775,0.7664597225415805,0.7332,0.6625
2015-08-31,0.008246742536698003,1.1194,1.5363,1.0329511414110113,0.7562580352416244,0.71,0.6349
2015-09-30,0.008346548702111677,1.1162,1.5116,1.0232272587741738,0.7464914899970141,0.702,0.639
2015-10-31,0.008285004142502071,1.1042,1.5445,1.0144045445323595,0.7644091117566121,0.7133,0.6766
2015-11-30,0.008115565654926148,1.0562,1.5044,0.9725734292939117,0.7500750075007501,0.7235,0.6574
2015-12-31,0.008314625426124553,1.0859,1.4746,0.9983028850953379,0.7225955632632416,0.7286,0.6842
2016-01-31,0.008261049153242462,1.0832,1.4184,0.9778994719342852,0.7105300554213443,0.7071,0.6469
2016-02-29,0.008857395925597873,1.0868,1.3926,1.0040160642570282,0.7395355716609968,0.7152,0.6601
2016-03-31,0.00889521437466643,1.139,1.4381,1.0435145570280704,0.7710694733595498,0.7677,0.6926
2016-04-30,0.009354536950420954,1.1441,1.4625,1.0418837257762035,0.796876245119133,0.7612,0.6984
2016-05-31,0.009029345372460496,1.1135,1.453,1.00664384940608,0.7635336336565626,0.7242,0.6769
2016-06-30,0.009730466089325679,1.1032,1.3242,1.0212418300653596,0.7686395080707149,0.7432,0.712
2016-07-31,0.009773260359655983,1.1168,1.327,1.0319917440660475,0.7668711656441718,0.7599,0.7216
2016-08-31,0.00967305088024763,1.1146,1.3129,1.017293997965412,0.7620789513793629,0.7519,0.7257
2016-09-30,0.009880446596186148,1.1238,1.3015,1.0315659170621003,0.7624857033930613,0.7667,0.729
2016-10-31,0.009517464547444562,1.0962,1.2212,1.0111223458038423,0.7461016190405133,0.7611,0.7156
2016-11-30,0.00874584572328144,1.0578,1.2481,0.9816432708353785,0.74487895716946,0.7387,0.7081
2016-12-31,0.008563110121596164,1.0552,1.2337,0.984251968503937,0.7448234768359898,0.723,0.6958
2017-01-31,0.008871540099361249,1.0794,1.2585,1.0113268608414239,0.7674597083653109,0.7582,0.7329
2017-02-28,0.00892379082634303,1.0618,1.2427,0.9978048293753742,0.7548878991469766,0.7686,0.7229
2017-03-31,0.008975854950184005,1.0698,1.2537,1.0002000400080016,0.7506943923128894,0.7638,0.7001
2017-04-30,0.008973438621679828,1.0895,1.2938,1.005631536604988,0.7315824127587973,0.7475,0.686
2017-05-31,0.009032607713846988,1.1236,1.2905,1.0326311441553078,0.7408504963698325,0.7437,0.71
2017-06-30,0.00889679715302491,1.1411,1.2995,1.0431879824744419,0.7702973347712216,0.7676,0.7322
2017-07-31,0.00905961224859576,1.1826,1.3196,1.0362694300518136,0.8006405124099278,0.7988,0.7503
2017-08-31,0.009085953116481919,1.1894,1.2888,1.040582726326743,0.7990411506192568,0.7932,0.717
2017-09-30,0.00887784090909091,1.1813,1.3402,1.0322047894302229,0.7994244144216165,0.784,0.7225
2017-10-31,0.008800492827598346,1.1648,1.3281,1.0032102728731942,0.7755545214828602,0.7668,0.685
2017-11-30,0.008904719501335707,1.1898,1.3506,1.0164667615368976,0.776156473144986,0.7572,0.685
2017-12-31,0.008873901854645488,1.2022,1.3529,1.0269049086054631,0.7989134776703682,0.7815,0.71
2018-01-31,0.009148293843198244,1.2428,1.419,1.0728462611307799,0.8134710811030668,0.8069,0.7372
2018-02-28,0.009379103357719002,1.2211,1.3794,1.0604453870625663,0.7808839606434484,0.7801,0.7227
2018-03-31,0.009416195856873822,1.232,1.4027,1.049097775912715,0.7757350089209527,0.769,0.7239
2018-04-30,0.009150805270863836,1.2074,1.3751,1.0089799212995663,0.7801529099703541,0.7543,0.7043
2018-05-31,0.00919709371838499,1.167,1.3289,1.0158472165786265,0.7710100231303008,0.757,0.7004
2018-06-30,0.009032607713846988,1.1677,1.3197,1.0078613182826044,0.76103500761035,0.7399,0.6773
2018-07-31,0.00893814801573114,1.1706,1.3125,1.010611419909045,0.7682261657832066,0.7438,0.6812
2018-08-31,0.009010632546404758,1.1596,1.2964,1.031140441328109,0.7649938800489596,0.7192,0.6614
2018-09-30,0.008812125484666901,1.1622,1.3053,1.0248001639680262,0.773874013310633,0.7238,0.6635
2018-10-31,0.00886053517632465,1.1332,1.2779,0.9943323058566172,0.7616726331022926,0.709,0.653
2018-11-30,0.008807468733485996,1.1323,1.2772,1.0013016921998599,0.7528986598403855,0.7311,0.688
2018-12-31,0.009115770282588878,1.1456,1.2763,1.017087062652563,0.732922896511287,0.7046,0.6711
2019-01-31,0.009187798603454611,1.1454,1.3135,1.0062386798148522,0.76103500761035,0.7282,0.6923
2019-02-28,0.00897827258035554,1.1379,1.3274,1.0026067776218168,0.7595321282090233,0.7099,0.6808
2019-03-31,0.009035056017347307,1.1228,1.3032,1.003814495081309,0.748502994011976,0.7104,0.682
2019-04-30,0.008976660682226212,1.1201,1.303,0.9803921568627451,0.7447680047665153,0.704,0.667
2019-05-31,0.009203018590097553,1.1149,1.262,0.9966115208291807,0.7394808844191377,0.693,0.6525
2019-06-30,0.009272997032640949,1.1374,1.2704,1.0248001639680262,0.7638835841417768,0.7009,0.6711
2019-07-31,0.009209799226376865,1.113,1.222,1.0098969905069684,0.760861294985924,0.6888,0.6598
2019-08-31,0.009407337723424272,1.0989,1.2166,1.0102030508132134,0.7524454477050414,0.673,0.6299
2019-09-30,0.009249838127832763,1.0905,1.2305,1.0022048506714771,0.7551159102922298,0.6746,0.6262
2019-10-31,0.00925154963456379,1.1155,1.2939,1.0133765707336846,0.7608034083992696,0.6888,0.6414
2019-11-30,0.009134922809902257,1.1019,1.2939,0.9999000099990001,0.7523888345496953,0.6762,0.6419
2019-12-31,0.009202171712524156,1.1227,1.3269,1.0333781130515656,0.7714858818083629,0.703,0.6745
2020-01-31,0.009216589861751152,1.1082,1.3195,1.0368066355624677,0.75642965204236,0.6699,0.6466
2020-02-29,0.00924898261191269,1.1001,1.2778,1.0340192327577293,0.745656550592797,0.6495,0.6232
2020-03-31,0.009299730307821073,1.1016,1.2454,1.0387451958034695,0.7080648587410606,0.6139,0.5959
2020-04-30,0.009351037965214139,1.0934,1.2602,1.034233116144379,0.7188555819135936,0.6523,0.615
2020-05-31,0.009279020135473694,1.1107,1.232,1.039717196922437,0.7241653993772178,0.6642,0.6187
2020-06-30,0.009279020135473694,1.1237,1.2369,1.0563008344776592,0.7345379756133392,0.6893,0.6446
2020-07-31,0.009453582907922102,1.1822,1.3133,1.097333479644464,0.7471607890017932,0.7159,0.6644
2020-08-31,0.00944822373393802,1.195,1.3375,1.1096316023080337,0.7672241829062453,0.7388,0.6753
2020-09-30,0.009471490812653912,1.1723,1.2921,1.08837614279495,0.750581700818134,0.716,0.6608
2020-10-31,0.009565716472163765,1.1647,1.2933,1.0911074740861975,0.7500750075007501,0.7023,0.661
2020-11-30,0.009580379383023568,1.1948,1.3338,1.1037527593818983,0.7702973347712216,0.7351,0.7017
2020-12-31,0.009690861517588915,1.223,1.3662,1.1310937676733401,0.7841292244961969,0.7709,0.7194
2021-01-31,0.0095565749235474,1.2135,1.3723,1.1229646266142617,0.7827175954915466,0.7661,0.72
2021-02-28,0.009377344336084021,1.2093,1.3947,1.0998680158380993,0.7875255945818239,0.772,0.7249
2021-03-31,0.009040773890245005,1.1743,1.3795,1.0617965597791463,0.7954816641476413,0.7613,0.6989
2021-04-30,0.00914662032379036,1.203,1.3838,1.095650268434316,0.8136034496786266,0.7716,0.7169
2021-05-31,0.009104980424292088,1.2194,1.4188,1.1117287381878822,0.8273351534706709,0.7706,0.7252
2021-06-30,0.0090049527239982,1.1848,1.3806,1.0807305738679347,0.8061915511125444,0.7496,0.6978
2021-07-31,0.009115770282588878,1.1864,1.3913,1.1036309458117206,0.802181934862827,0.7351,0.6982
2021-08-31,0.009086778736937756,1.18,1.3747,1.0915838882218099,0.7918283316177054,0.7307,0.7042
2021-09-30,0.008968609865470852,1.1577,1.347,1.0707784559374667,0.7890791446382072,0.7228,0.6899
2021-10-31,0.008769622029290538,1.1552,1.3686,1.0911074740861975,0.8066467693796886,0.751,0.7158
2021-11-30,0.008832361773538244,1.1287,1.3252,1.0849517196484757,0.7805182641273807,0.7088,0.6795
2021-12-31,0.008682816705739341,1.1318,1.35,1.0933741526350318,0.7826563356030367,0.726,0.6839
2022-01-31,0.008679048776254123,1.1212,1.3439,1.074922068150059,0.7877737513786041,0.7064,0.6579
2022-02-28,0.008687342541916427,1.1224,1.3419,1.0894432944765224,0.78976465013426,0.7261,0.6774
2022-03-31,0.008234519104084322,1.1093,1.3152,1.0856584518510477,0.801153661272232,0.7499,0.6946
2022-04-30,0.007701786814540973,1.0537,1.2565,1.0284891494394734,0.7811279487580065,0.7101,0.6476
2022-05-31,0.007780284758422159,1.0731,1.2624,1.044932079414838,0.7912018355882585,0.7188,0.652
2022-06-30,0.00736973984818336,1.0469,1.2162,1.0471204188481675,0.7769404086706551,0.6905,0.6245
2022-07-31,0.0075046904315197,1.0202,1.2183,1.0511931041732365,0.7811889696117491,0.6985,0.6279
2022-08-31,0.007210325185665873,1.0065,1.1647,1.0258514567090686,0.7638835841417768,0.6866,0.6136
2022-09-30,0.006910372469076083,0.9783,1.1134,1.015744032503809,0.7271669575334497,0.6437,0.5642
2022-10-31,0.00672811680010765,0.9885,1.1515,0.9994003597841296,0.7331915829606277,0.6394,0.581
2022-11-30,0.007178235589692054,1.0323,1.1962,1.0541851149061776,0.7386615452799528,0.6717,0.6234
2022-12-31,0.007586677793794097,1.0698,1.2077,1.0821339681852613,0.7389890629618682,0.6805,0.6342
2023-01-31,0.007682261657832067,1.0858,1.2324,1.0886131069018072,0.7500187504687618,0.705,0.6466
2023-02-28,0.00734807847747814,1.0602,1.2093,1.0665529010238908,0.7344300822561692,0.6744,0.6194
2023-03-31,0.007532956685499058,1.0872,1.2369,1.0954102311315588,0.7393715341959335,0.6704,0.6271
2023-04-30,0.0073534818736671805,1.104,1.2582,1.122208506340478,0.7378984651711925,0.6617,0.6187
2023-05-31,0.007154099298898269,1.0654,1.2396,1.0954102311315588,0.7359434795407712,0.6473,0.5995
2023-06-30,0.006921852287672181,1.092,1.2709,1.1176930814798256,0.7557436517533254,0.6663,0.6133
2023-07-31,0.0070333380222253475,1.102,1.2857,1.1510128913443831,0.7598784194528875,0.673,0.622
2023-08-31,0.00686436024162548,1.0839,1.2667,1.1316057485572026,0.738606987222099,0.6468,0.5948
2023-09-30,0.006692096633875393,1.0584,1.2214,1.0939722131057872,0.7388252678241596,0.6451,0.6013
2023-10-31,0.006602403274792024,1.0568,1.2135,1.0989010989010988,0.7205649228995533,0.6332,0.5816
2023-11-30,0.006762696963549063,1.0908,1.264,1.146131805157593,0.7359976448075366,0.6614,0.6166
2023-12-31,0.00709622480840193,1.1062,1.2743,1.189767995240928,0.7574609907589759,0.6828,0.634
2024-01-31,0.006837139340899768,1.0855,1.2733,1.164551065564225,0.7471607890017932,0.66,0.6147
2024-02-29,0.0066711140760507,1.0807,1.2632,1.1321181931393638,0.7370283018867925,0.6503,0.6092
2024-03-31,0.006612881893929374,1.0791,1.2637,1.1092623405435387,0.7385524372230428,0.6524,0.5987
2024-04-30,0.006347594261774787,1.0684,1.2514,1.090037061260083,0.7273785277858598,0.649,0.5912
2024-05-31,0.006361727845282779,1.0846,1.2738,1.1069293779056897,0.7328154770628755,0.664,0.6137
2024-06-30,0.006215813028344107,1.0711,1.264,1.112099644128114,0.7307804735457468,0.6677,0.6096
2024-07-31,0.006649820454847719,1.0823,1.284,1.1367511651699442,0.7243227582210633,0.6535,0.5947
2024-08-31,0.006851661527920521,1.106,1.3132,1.177440244907571,0.7411250277921886,0.6765,0.6242
2024-09-30,0.006980802792321117,1.1145,1.3399,1.1842728564661298,0.7401376656058027,0.6934,0.6363
2024-10-31,0.006563833278634723,1.0855,1.2856,1.1563367252543941,0.7174115790228854,0.655,0.5951
2024-11-30,0.006648494116082707,1.0547,1.2699,1.1335298118340513,0.7135721421435707,0.6513,0.5913
2024-12-31,0.006354451293130838,1.0351,1.2521,1.102779003087781,0.6944444444444444,0.6185,0.5596
2025-01-31,0.006455361177457879,1.04,1.2447,1.1003521126760563,0.6916107614634484,0.6242,0.5668
2025-02-28,0.006638343069569836,1.0402,1.2591,1.1087703736556158,0.6928566479595372,0.6211,0.5602
2025-03-31,0.0066711140760507,1.0796,1.2896,1.1308379509216329,0.6954586549829613,0.6236,0.5666
2025-04-30,0.007011147724882563,1.1349,1.3344,1.2155099064057373,0.7242702976750923,0.6399,0.5933
2025-05-31,0.006935774726036898,1.1347,1.3468,1.2152144853566655,0.7274314395868189,0.6434,0.5972
2025-06-30,0.0069362558091142406,1.177,1.3722,1.2597631645250693,0.7342143906020557,0.6573,0.6092
2025-07-31,0.006640106241699867,1.1431,1.322,1.2310722639418934,0.7222824124232574,0.643,0.5894
2025-08-31,0.0068073519400953025,1.1695,1.3511,1.2506253126563283,0.7285443683520326,0.6545,0.5901
2025-09-30,0.0067581266472933705,1.1735,1.3443,1.2553351744915893,0.7180297264306742,0.6614,0.5799
2025-10-31,0.006491398896462187,1.1541,1.3141,1.2457954403886882,0.7137758743754461,0.6546,0.5728
2025-11-30,0.006403278478581034,1.16,1.3239,1.2444001991040319,0.7156147130385001,0.6552,0.5737
2025-12-31,0.0063775510204081625,1.1736,1.3447,1.2600806451612903,0.7292882147024504,0.6669,0.5755
2026-01-31,0.006479201762342879,1.1885,1.3729,1.297016861219196,0.7376263185070444,0.6995,0.6048
2026-02-28,0.006408202499198974,1.1822,1.3455,1.3010668748373668,0.7335680751173709,0.7121,0.6
2026-03-31,0.006286145335680161,1.1518,1.3184,1.2457954403886882,0.7166917508779475,0.6855,0.571
2026-04-30,0.006383250351078769,1.1729,1.358,1.278118609406953,0.7346998751010212,0.7184,0.5892
2026-05-31,0.006280223575959304,1.1679,1.3476,1.2802458071949814,0.7254788160185722,0.7191,0.5992
2026-06-30,0.006149683291310497,1.1417,1.3259,1.2373174956693886,0.7039774727208729,0.6915,0.5676
2026-07-31,0.0062829856747926615,1.1519,1.347,1.2374706100730106,0.71285999429712,0.7026,0.5879
2026-08-31,0.006260172780768749,1.1617,1.355,1.2368583797155226,0.7213966238638002,0.7166,0.5917
2026-09-30,0.006362132586843109,1.14,1.325,1.207437816952427,0.7072135785007072,0.7033,0.5667
