model,term,coef,NW t-stat
RX (dollar),const,0.002578535685676985,1.640164725826349
RX (dollar),RX (dollar),0.41516983457090206,4.416177883313928
RX (dollar),R2,0.12268834744485657,
RX (dollar),N,264.0,
dVol (LRV),const,0.0026220681110513855,1.6005674708570234
dVol (LRV),dVol (LRV),-1.9343220168385695,-4.3186591593493295
dVol (LRV),R2,0.09929881014719555,
dVol (LRV),N,264.0,
RX (dollar) + dVol (LRV),const,0.002547978615902737,1.701956734725611
RX (dollar) + dVol (LRV),RX (dollar),0.3515424077872461,4.114318754568073
RX (dollar) + dVol (LRV),dVol (LRV),-1.5463748967174122,-3.6892422477143807
RX (dollar) + dVol (LRV),R2,0.18326904183071113,
RX (dollar) + dVol (LRV),N,264.0,
