,total P&L (% pts),price (% pts),funding (% pts),days long,days short,worst day (% pts)
LUNA,-86.97469116576428,-90.56605266576427,3.591361499999986,166,189,-14.649726790724053
XRP,-58.15400349883071,-65.42013437383068,7.266130874999967,567,742,-9.442622476703143
DOGE,-43.49799202696475,-46.25426815196473,2.75627612499998,343,785,-7.540254828282228
FTT,-12.523953736539633,-20.734512069872967,8.210558333333324,114,56,-12.395225640630663
LTC,-7.559585315223489,-10.927306815223458,3.3677214999999707,273,904,-6.711380634563528
ETH,-6.8141508352769415,-8.738341293610247,1.9241904583333123,483,707,-4.388081596021549
BTC,9.684808282446266,12.562532615779599,-2.877724333333334,644,652,-2.4316858905287755
LINK,27.16982889825978,20.492197064926486,6.677631833333287,343,1225,-11.883427164482304
ADA,31.90164788643346,26.7951771364335,5.106470749999959,554,693,-10.32164146117973
AVAX,35.7209622579319,29.54949663293197,6.171465624999923,966,413,-4.566687930264797
BNB,50.576149917198144,41.97263145886491,8.603518458333227,1660,231,-11.693226176681208
SOL,102.43175451718724,96.98527685052063,5.446477666666608,876,399,-3.2789009903276303
