,first,last traded,days,data after last trade (days),avg funding (% p.a.),positive funding days (%),ann. return (%),ann. vol (%),max drawdown (%),worst day (%),worst day,avg volume ($M),corr with BTC
BTC,2020-01-01,2026-08-31,2435,0,11.79765576386026,87.67967145790554,43.10376761386967,60.636553284131935,-76.66956183209538,-39.97964322740506,2020-03-12,13100.73976487014,1.0
ETH,2020-01-01,2026-08-31,2435,0,13.946961636550176,88.04928131416838,55.36710778123977,81.49779255907212,-79.35130756288558,-45.22355115240491,2020-03-12,7785.221394271457,0.8220662324085151
BNB,2020-02-10,2026-08-31,2395,0,-0.08916256576199973,34.906054279749476,65.71004709123483,83.27064957551691,-70.92915902843122,-44.084142004701356,2020-03-12,608.5202996356293,0.6697146038341513
XRP,2020-01-06,2026-08-31,2430,0,14.699747440329169,80.90534979423867,31.530744897777673,103.50626400635842,-83.2907261354365,-41.86882300089848,2020-12-23,1096.585514744007,0.5784047558612145
ADA,2020-01-31,2026-08-31,2405,0,13.551479888291263,80.67852709971038,21.83323770192016,100.77581513558285,-95.1567239635996,-41.29064784471892,2020-03-12,460.091285774366,0.6721947362593341
DOGE,2020-07-10,2026-08-31,2244,0,12.437084984402812,83.68983957219251,67.06602186544401,199.50237252291785,-92.35454548083793,-38.99701414467231,2021-01-30,973.9458528427671,0.3819771517403458
SOL,2020-09-14,2026-08-31,2178,0,0.17401638825150456,71.22533272143184,78.35816053985518,114.09502980254926,-96.27849002849003,-50.88161209068011,2022-11-09,1969.2360751281162,0.5797064245178886
LTC,2020-01-09,2026-08-31,2427,0,14.878790067985046,85.24927894519983,1.2343188900491464,86.87379692677821,-89.47205848284383,-38.93805309734514,2020-03-12,306.3200283915488,0.7366833022906913
LINK,2020-01-17,2026-08-31,2419,0,13.830142724266146,85.65522943365028,24.17624678278967,103.82822980225829,-90.1951788342796,-47.75884665792922,2020-03-12,331.84103563380785,0.6764932752939563
AVAX,2020-09-23,2026-08-31,2169,0,6.867598460829565,69.49308755760369,12.914808450129755,114.72229669590742,-95.63328489665194,-37.89428123140184,2021-05-19,340.30810794451713,0.6025477555406077
LUNA,2021-01-28,2022-05-12,470,1,22.10625684042554,70.42553191489361,-98.24768473596836,232.38781837169716,-99.99312614385263,-99.26618968996515,2022-05-12,894.0161856770967,0.45712176732261384
FTT,2022-04-15,2022-11-14,214,1386,-84.23172567441839,50.697674418604656,-99.64421188493566,204.8332353536204,-96.70837515334001,-75.20840884378399,2022-11-08,90.31630988476621,0.6235082149410069
