,A (10% vol),C (10% vol),Combined 50/50
2021-02-28,0.02697331725881457,0.038422729584209545,0.032698023421512054
2021-03-31,0.027203505216195425,-0.030725558230099734,-0.0017610265069521545
2021-04-30,-0.004365459847829421,0.006429063046723929,0.0010318015994472541
2021-05-31,0.0010925237323648404,-0.004217207328372258,-0.0015623417980037088
2021-06-30,-0.003931418789771123,-0.010531571876210637,-0.007231495332990881
2021-07-31,-0.01771265865610768,-0.01672026292422281,-0.017216460790165245
2021-08-31,0.009511945218018309,-0.01637665081045195,-0.0034323527962168213
2021-09-30,0.011114987977612472,-0.0225916194373638,-0.005738315729875665
2021-10-31,0.03283419422271692,0.02845359640915469,0.030643895315935803
2021-11-30,-0.03817441126609177,0.013180208452559777,-0.012497101406765998
2021-12-31,0.011691145758617046,0.0036021773583665728,0.007646661558491809
2022-01-31,-0.010755942486787537,-0.004235518625143768,-0.007495730555965653
2022-02-28,0.01286743310263161,-0.028159994132417137,-0.007646280514892763
2022-03-31,0.02020248661978668,0.009573883560604214,0.014888185090195447
2022-04-30,-0.00577317202066227,-0.008833999028701921,-0.007303585524682096
2022-05-31,-0.016996860845481274,-0.10178190514913454,-0.05938938299730791
2022-06-30,-0.030093744356561765,0.02093732885062168,-0.004578207752970043
2022-07-31,0.03239631730516583,0.022426949528958764,0.0274116334170623
2022-08-31,0.019369199384082634,0.005345878282572914,0.012357538833327774
2022-09-30,-0.06241884078549717,-0.007758072361729279,-0.03508845657361322
2022-10-31,0.07138043247318195,-0.012440597055584278,0.029469917708798834
2022-11-30,-0.026821419650627478,-0.054548559790532365,-0.04068498972057992
2022-12-31,-0.0447219804108323,0.007226355639100806,-0.018747812385865748
2023-01-31,0.016598309057524917,0.02404023385742011,0.02031927145747251
2023-02-28,0.005492487300564977,0.0039189644059407225,0.0047057258532528495
2023-03-31,-0.019468845157971072,0.016076309763783953,-0.0016962676970935595
2023-04-30,-0.007026611945057293,-0.0037210735791995482,-0.0053738427621284205
2023-05-31,0.009701104857259267,-0.0014118147148701587,0.004144645071194554
2023-06-30,0.05960538493259747,-0.011016918265953616,0.024294233333321927
2023-07-31,-0.010299851898254858,0.0061810527345373305,-0.002059399581858764
2023-08-31,-0.008532214588421723,0.005023990121663012,-0.0017541122333793553
2023-09-30,0.03527740045761317,-0.020533886140714996,0.007371757158449087
2023-10-31,-0.019077335964892996,0.025739479134645485,0.0033310715848762443
2023-11-30,0.03559553782437244,-0.01192384898997282,0.011835844417199811
2023-12-31,-0.036381322453099274,-0.059004729954612437,-0.047693026203855855
2024-01-31,0.027896267033679742,0.028750287027940687,0.028323277030810216
2024-02-29,0.03483334818023151,0.055345187264590374,0.04508926772241094
2024-03-31,0.015953006939634688,-0.050547476644961294,-0.017297234852663303
2024-04-30,0.0350875071424889,0.04853038023261986,0.041808943687554376
2024-05-31,0.03721665906019102,-0.01620763514659345,0.010504511956798784
2024-06-30,0.009067844656260794,0.009506696253896243,0.009287270455078519
2024-07-31,-0.07375591815106508,0.022215901805277483,-0.0257700081728938
2024-08-31,0.010344588418637503,0.008407966226889158,0.00937627732276333
2024-09-30,0.016463481460957382,0.015071560819055517,0.01576752114000645
2024-10-31,-0.01102304272799359,0.00570035954856711,-0.00266134158971324
2024-11-30,-0.0036446608631173355,-0.025238970531003827,-0.014441815697060581
2024-12-31,0.007658008941205178,0.008304290428266203,0.00798114968473569
2025-01-31,-0.003199679714120708,0.0069582473022888995,0.0018792837940840958
2025-02-28,-0.017452866129976142,-0.0135183243295661,-0.01548559522977112
2025-03-31,0.007337106713962122,0.06181592159031589,0.034576514152139005
2025-04-30,-0.04448780107742318,0.011183897946080596,-0.016651951565671293
2025-05-31,0.023397029253022127,-0.02487059081816034,-0.0007367807825691061
2025-06-30,0.007141920668863498,0.006222038868336059,0.006681979768599779
2025-07-31,0.009482470952674913,-0.005863180052003495,0.0018096454503357087
2025-08-31,0.0035631238545427435,-0.031340287880149684,-0.01388858201280347
2025-09-30,0.011035125879500321,0.02473966151193652,0.017887393695718422
2025-10-31,0.015807700652272872,0.013409892558184823,0.014608796605228846
2025-11-30,0.02460914798650064,0.0012235439764380308,0.012916345981469336
2025-12-31,0.0266232917669284,-0.03473233217005904,-0.004054520201565321
2026-01-31,0.027514746978963046,0.01489391978114311,0.021204333380053078
2026-02-28,0.010202499168646668,0.018275141020987932,0.014238820094817299
2026-03-31,-0.018690095765529574,0.001525965537016991,-0.008582065114256292
2026-04-30,0.03947525214442083,-0.004087948059045135,0.017693652042687847
2026-05-31,0.03357147929786853,0.022265935773957832,0.027918707535913183
2026-06-30,-0.028728159297562127,0.015831405212318326,-0.006448377042621901
2026-07-31,0.03198563560635948,0.03603511905179185,0.034010377329075664
2026-08-31,0.03239890607183351,-0.015487117024475807,0.008455894523678852
