,first,last,days,missing_price_days,funding_days,funding_first,funding_last,avg_funding_ann_%,pos_funding_days_%,ann_return_%,ann_vol_%,max_dd_%,worst_day_%,worst_day,avg_volume_$M,corr_with_BTC
BTC,2020-01-01,2026-08-31,2435,0,2435,2020-01-01,2026-08-31,11.79765576386026,87.67967145790554,43.10376761386967,60.636553284131935,-76.66956183209538,-39.97964322740506,2020-03-12,13100.73976487014,1.0
ETH,2020-01-01,2026-08-31,2435,0,2435,2020-01-01,2026-08-31,13.946961636550176,88.04928131416838,55.36710778123977,81.49779255907211,-79.35130756288558,-45.22355115240491,2020-03-12,7785.221394271457,0.8220662324085151
BNB,2020-02-10,2026-08-31,2395,0,2395,2020-02-10,2026-08-31,-0.08916256576199974,34.906054279749476,65.71004709123483,83.27064957551691,-70.92915902843122,-44.084142004701356,2020-03-12,608.5202996356293,0.6697146038341513
XRP,2020-01-06,2026-08-31,2425,5,2430,2020-01-06,2026-08-31,14.699747440329167,80.90534979423867,31.530744897777673,103.64590592415142,-83.2907261354365,-41.86882300089848,2020-12-23,1097.09471330737,0.5811148300725351
ADA,2020-01-31,2026-08-31,2405,0,2417,2020-01-19,2026-08-31,13.551479888291265,80.67852709971038,21.83323770192016,100.77581513558285,-95.1567239635996,-41.29064784471892,2020-03-12,460.091285774366,0.6721947362593341
DOGE,2020-07-10,2026-08-31,2244,0,2244,2020-07-10,2026-08-31,12.437084984402812,83.68983957219251,67.06602186544401,199.50237252291782,-92.35454548083793,-38.99701414467231,2021-01-30,973.9458528427671,0.3819771517403458
SOL,2020-09-14,2026-08-31,2173,5,2179,2020-09-13,2026-08-31,0.17401638825150456,71.22533272143184,78.35816053985518,114.16141603614783,-96.27849002849003,-50.88161209068011,2022-11-09,1969.8930764210847,0.5831257185033686
LTC,2020-01-09,2026-08-31,2422,5,2427,2020-01-09,2026-08-31,14.878790067985046,85.24927894519983,1.2343188900491464,86.97870705306622,-89.47205848284383,-38.93805309734514,2020-03-12,306.37873828644035,0.7400967102808848
LINK,2020-01-17,2026-08-31,2419,0,2419,2020-01-17,2026-08-31,13.830142724266144,85.65522943365028,24.17624678278967,103.82822980225828,-90.1951788342796,-47.75884665792922,2020-03-12,331.84103563380785,0.6764932752939563
AVAX,2020-09-23,2026-08-31,2169,0,2170,2020-09-22,2026-08-31,6.867598460829566,69.49308755760369,12.914808450129755,114.72229669590743,-95.63328489665194,-37.89428123140184,2021-05-19,340.30810794451713,0.6025477555406077
LUNA,2021-01-28,2022-05-13,466,5,471,2021-01-28,2022-05-13,22.06707158174099,70.48832271762208,-98.23254144339501,232.9257913247707,-99.99312614385263,-99.26618968996515,2022-05-12,876.2685557346382,0.4635791167481288
FTT,2022-04-15,2026-08-31,1600,0,1163,2022-04-14,2025-06-19,-6.649072244196004,90.88564058469476,-52.8155948777509,74.77424315688546,-96.70837515334001,-75.20840884378399,2022-11-08,12.079806447087481,0.31510408798567696
USDC,2023-03-12,2026-08-31,1269,0,1268,2023-03-13,2026-08-31,0.035457101735090674,51.813880126182966,0.4433364858610567,0.8035045215641211,-0.3532888103580767,-0.13002990687859262,2024-11-27,6.6086258160469225,-0.13018018739761708
